pair,annualPax,annualSeats,year,source,reporter,row
ACC-AMS,240126,294320,2024,eurostat,AMS,NL_EHAM_GH_DGAA
ACC-ATL,11586,17065,2025,us-bts,US DOT,ACC-ATL:CLASS=F:all months
ACC-BOS,453,503,2025,us-bts,US DOT,ACC-BOS:CLASS=F:all months
ACC-BRU,126447,145452,2024,eurostat,BRU,BE_EBBR_GH_DGAA
ACC-IAD,119649,139033,2025,us-bts,US DOT,ACC-IAD:CLASS=F:all months
ACC-IST,126984,160592,2024,eurostat,IST,TR_LTFM_GH_DGAA
ACC-JFK,161253,201772,2025,us-bts,US DOT,ACC-JFK:CLASS=F:all months
ACC-LHR,217575,,2025,uk-caa,HEATHROW,2789
ADD-ARN,156435,206762,2024,eurostat,ARN,SE_ESSA_ET_HAAB
ADD-ATL,53245,91800,2025,us-bts,US DOT,ADD-ATL:CLASS=F:all months
ADD-BRU,122457,152180,2024,eurostat,BRU,BE_EBBR_ET_HAAB
ADD-CDG,213020,246547,2024,eurostat,CDG,FR_LFPG_ET_HAAB
ADD-FCO,396589,457537,2024,eurostat,FCO,IT_LIRF_ET_HAAB
ADD-FRA,202782,252100,2024,eurostat,FRA,DE_EDDF_ET_HAAB
ADD-GVA,136993,167929,2024,eurostat,GVA,CH_LSGG_ET_HAAB
ADD-IAD,228756,285738,2025,us-bts,US DOT,ADD-IAD:CLASS=F:all months
ADD-IST,185755,280518,2024,eurostat,IST,TR_LTFM_ET_HAAB
ADD-JFK,75371,126560,2025,us-bts,US DOT,ADD-JFK:CLASS=F:all months
ADD-LHR,230963,,2025,uk-caa,HEATHROW,2777
ADD-MAN,95047,,2025,uk-caa,MANCHESTER,2778
ADD-MXP,183153,239606,2024,eurostat,MXP,IT_LIMC_ET_HAAB
ADD-ORD,118850,165240,2025,us-bts,US DOT,ADD-ORD:CLASS=F:all months
ADD-VIE,184993,224802,2024,eurostat,VIE,AT_LOWW_ET_HAAB
ADL-SFO,3168,4626,2025,us-bts,US DOT,ADL-SFO:CLASS=F:all months
AKL-DFW,59290,76536,2025,us-bts,US DOT,AKL-DFW:CLASS=F:all months
AKL-HNL,102092,131925,2025,us-bts,US DOT,AKL-HNL:CLASS=F:all months
AKL-IAH,140529,180747,2025,us-bts,US DOT,AKL-IAH:CLASS=F:all months
AKL-JFK,146758,201211,2025,us-bts,US DOT,AKL-JFK:CLASS=F:all months
AKL-LAX,398721,513641,2025,us-bts,US DOT,AKL-LAX:CLASS=F:all months
AKL-SFO,243965,297830,2025,us-bts,US DOT,AKL-SFO:CLASS=F:all months
AKL-TPE,80997,100078,2025,tw-caa,TPE,53-1:223
ALA-FRA,85057,103529,2024,eurostat,FRA,DE_EDDF_KZ_UAAA
ALA-IST,434166,507133,2024,eurostat,IST,TR_LTFM_KZ_UAAA
ALA-LHR,27548,,2025,uk-caa,HEATHROW,2641
AMM-CDG,128914,164982,2024,eurostat,CDG,FR_LFPG_JO_OJAI
AMM-FRA,149707,195123,2024,eurostat,FRA,DE_EDDF_JO_OJAI
AMM-IAD,30766,38955,2025,us-bts,US DOT,AMM-IAD:CLASS=F:all months
AMM-IST,588998,716287,2024,eurostat,IST,TR_LTFM_JO_OJAI
AMM-JFK,92968,109445,2025,us-bts,US DOT,AMM-JFK:CLASS=F:all months
AMM-LHR,232354,,2025,uk-caa,HEATHROW,2663
AMM-MAN,32203,,2025,uk-caa,MANCHESTER,2671
AMM-ORD,167465,193185,2025,us-bts,US DOT,AMM-ORD:CLASS=F:all months
AMM-VIE,92764,127222,2024,eurostat,VIE,AT_LOWW_JO_OJAI
AMS-ARN,893987,1099158,2024,eurostat,AMS,NL_EHAM_SE_ESSA
AMS-ARN,894247,1113973,2024,eurostat,ARN,SE_ESSA_NL_EHAM
AMS-ATH,606188,685076,2024,eurostat,AMS,NL_EHAM_EL_LGAV
AMS-ATH,633217,715127,2024,eurostat,ATH,EL_LGAV_NL_EHAM
AMS-ATL,778186,903094,2024,eurostat,AMS,NL_EHAM_US_KATL
AMS-ATL,794075,882381,2025,us-bts,US DOT,AMS-ATL:CLASS=F:all months
AMS-AUH,214777,242205,2024,eurostat,AMS,NL_EHAM_AE_OMAA
AMS-BCN,1559476,1781965,2024,eurostat,AMS,NL_EHAM_ES_LEBL
AMS-BCN,1560944,1779241,2024,eurostat,BCN,ES_LEBL_NL_EHAM
AMS-BER,827957,1016824,2024,eurostat,AMS,NL_EHAM_DE_EDDB
AMS-BER,825508,1021759,2024,eurostat,BER,DE_EDDB_NL_EHAM
AMS-BKK,297017,326780,2024,eurostat,AMS,NL_EHAM_TH_VTBS
AMS-BLR,129768,149976,2024,eurostat,AMS,NL_EHAM_IN_VOBL
AMS-BOG,194729,232794,2024,eurostat,AMS,NL_EHAM_CO_SKBO
AMS-BOM,188262,216196,2024,eurostat,AMS,NL_EHAM_IN_VABB
AMS-BOS,420380,528995,2024,eurostat,AMS,NL_EHAM_US_KBOS
AMS-BOS,430051,512705,2025,us-bts,US DOT,AMS-BOS:CLASS=F:all months
AMS-BRU,194770,273312,2024,eurostat,AMS,NL_EHAM_BE_EBBR
AMS-BRU,195879,271186,2024,eurostat,BRU,BE_EBBR_NL_EHAM
AMS-BUD,442999,503939,2024,eurostat,AMS,NL_EHAM_HU_LHBP
AMS-BUD,442559,500612,2024,eurostat,BUD,HU_LHBP_NL_EHAM
AMS-CAI,112686,152721,2024,eurostat,AMS,NL_EHAM_EG_HECA
AMS-CAN,156877,186044,2024,eurostat,AMS,NL_EHAM_CN_ZGGG
AMS-CDG,1125321,1380186,2024,eurostat,AMS,NL_EHAM_FR_LFPG
AMS-CDG,1120710,1373979,2024,eurostat,CDG,FR_LFPG_NL_EHAM
AMS-CGK,123014,144720,2024,eurostat,AMS,NL_EHAM_ID_WIII
AMS-CMN,140655,180728,2024,eurostat,AMS,NL_EHAM_MA_GMMN
AMS-CPH,1159300,1484839,2024,eurostat,AMS,NL_EHAM_DK_EKCH
AMS-CPH,1159509,1490623,2024,eurostat,CPH,DK_EKCH_NL_EHAM
AMS-CPT,246454,283614,2024,eurostat,AMS,NL_EHAM_ZA_FACT
AMS-DEL,354498,419286,2024,eurostat,AMS,NL_EHAM_IN_VIDP
AMS-DFW,53396,64411,2025,us-bts,US DOT,AMS-DFW:CLASS=F:all months
AMS-DOH,384424,457898,2024,eurostat,AMS,NL_EHAM_QA_OTHH
AMS-DPS,129160,145688,2024,eurostat,AMS,NL_EHAM_ID_WADD
AMS-DUB,1296920,1534744,2024,eurostat,AMS,NL_EHAM_IE_EIDW
AMS-DUS,245498,341404,2024,eurostat,AMS,NL_EHAM_DE_EDDL
AMS-DUS,244754,336370,2024,eurostat,DUS,DE_EDDL_NL_EHAM
AMS-DXB,993218,1235229,2024,eurostat,AMS,NL_EHAM_AE_OMDB
AMS-EZE,92038,104898,2024,eurostat,AMS,NL_EHAM_AR_SAEZ
AMS-FCO,759345,879717,2024,eurostat,AMS,NL_EHAM_IT_LIRF
AMS-FCO,758576,891264,2024,eurostat,FCO,IT_LIRF_NL_EHAM
AMS-FRA,658679,952164,2024,eurostat,AMS,NL_EHAM_DE_EDDF
AMS-FRA,657428,914966,2024,eurostat,FRA,DE_EDDF_NL_EHAM
AMS-GIG,187851,207815,2024,eurostat,AMS,NL_EHAM_BR_SBGL
AMS-GRU,251551,293888,2024,eurostat,AMS,NL_EHAM_BR_SBGR
AMS-GVA,641210,803890,2024,eurostat,AMS,NL_EHAM_CH_LSGG
AMS-GVA,638032,759946,2024,eurostat,GVA,CH_LSGG_NL_EHAM
AMS-HEL,606505,755252,2024,eurostat,AMS,NL_EHAM_FI_EFHK
AMS-HEL,606499,734067,2024,eurostat,HEL,FI_EFHK_NL_EHAM
AMS-HKG,312449,351558,2024,eurostat,AMS,NL_EHAM_HK_VHHH
AMS-IAD,279719,379333,2024,eurostat,AMS,NL_EHAM_US_KIAD
AMS-IAD,247577,334277,2025,us-bts,US DOT,AMS-IAD:CLASS=F:all months
AMS-IAH,298798,400525,2024,eurostat,AMS,NL_EHAM_US_KIAH
AMS-IAH,258569,347783,2025,us-bts,US DOT,AMS-IAH:CLASS=F:all months
AMS-ICN,299068,350240,2024,eurostat,AMS,NL_EHAM_KR_RKSI
AMS-IST,866192,1085622,2024,eurostat,AMS,NL_EHAM_TR_LTFM
AMS-IST,856985,1065137,2024,eurostat,IST,TR_LTFM_NL_EHAM
AMS-JED,102069,136060,2024,eurostat,AMS,NL_EHAM_SA_OEJN
AMS-JFK,904625,1068763,2024,eurostat,AMS,NL_EHAM_US_KJFK
AMS-JFK,812125,935359,2025,us-bts,US DOT,AMS-JFK:CLASS=F:all months
AMS-JNB,237592,278043,2024,eurostat,AMS,NL_EHAM_ZA_FAOR
AMS-KEF,371499,473032,2024,eurostat,AMS,NL_EHAM_IS_BIKF
AMS-KEF,370472,457558,2024,eurostat,KEF,IS_BIKF_NL_EHAM
AMS-KIX,76050,92048,2024,eurostat,AMS,NL_EHAM_JP_RJBB
AMS-LAS,118719,138628,2024,eurostat,AMS,NL_EHAM_US_KLAS
AMS-LAS,139385,158018,2025,us-bts,US DOT,AMS-LAS:CLASS=F:all months
AMS-LAX,325110,381385,2024,eurostat,AMS,NL_EHAM_US_KLAX
AMS-LAX,300053,336422,2025,us-bts,US DOT,AMS-LAX:CLASS=F:all months
AMS-LHR,1460389,1787229,2024,eurostat,AMS,NL_EHAM_UK_EGLL
AMS-LHR,1469288,,2025,uk-caa,HEATHROW,1406
AMS-LIM,210706,242491,2024,eurostat,AMS,NL_EHAM_PE_SPJC
AMS-LIS,1045074,1173588,2024,eurostat,AMS,NL_EHAM_PT_LPPT
AMS-LIS,1044640,1179462,2024,eurostat,LIS,PT_LPPT_NL_EHAM
AMS-LOS,149280,171134,2024,eurostat,AMS,NL_EHAM_NG_DNMM
AMS-MAD,1228370,1399170,2024,eurostat,AMS,NL_EHAM_ES_LEMD
AMS-MAD,1229639,1398342,2024,eurostat,MAD,ES_LEMD_NL_EHAM
AMS-MAN,1083040,1268436,2024,eurostat,AMS,NL_EHAM_UK_EGCC
AMS-MAN,1092354,,2025,uk-caa,MANCHESTER,1450
AMS-MEX,351269,410181,2024,eurostat,AMS,NL_EHAM_MX_MMMX
AMS-MIA,46571,51888,2025,us-bts,US DOT,AMS-MIA:CLASS=F:all months
AMS-MUC,808527,1056459,2024,eurostat,AMS,NL_EHAM_DE_EDDM
AMS-MUC,806224,1028786,2024,eurostat,MUC,DE_EDDM_NL_EHAM
AMS-MXP,538112,614197,2024,eurostat,AMS,NL_EHAM_IT_LIMC
AMS-MXP,537172,612764,2024,eurostat,MXP,IT_LIMC_NL_EHAM
AMS-NBO,358825,459444,2024,eurostat,AMS,NL_EHAM_KE_HKJK
AMS-NRT,194613,217969,2024,eurostat,AMS,NL_EHAM_JP_RJAA
AMS-ORD,299349,403971,2024,eurostat,AMS,NL_EHAM_US_KORD
AMS-ORD,272262,342361,2025,us-bts,US DOT,AMS-ORD:CLASS=F:all months
AMS-OSL,742393,930711,2024,eurostat,AMS,NL_EHAM_NO_ENGM
AMS-OSL,740115,960054,2024,eurostat,OSL,NO_ENGM_NL_EHAM
AMS-PEK,160988,207013,2024,eurostat,AMS,NL_EHAM_CN_ZBAA
AMS-PRG,651990,759377,2024,eurostat,AMS,NL_EHAM_CZ_LKPR
AMS-PTY,220894,259108,2024,eurostat,AMS,NL_EHAM_PA_MPTO
AMS-PVG,368258,437819,2024,eurostat,AMS,NL_EHAM_CN_ZSPD
AMS-RAK,192142,223325,2024,eurostat,AMS,NL_EHAM_MA_GMMX
AMS-RUH,130825,169214,2024,eurostat,AMS,NL_EHAM_SA_OERK
AMS-SAN,32040,39996,2025,us-bts,US DOT,AMS-SAN:CLASS=F:all months
AMS-SCL,91648,103134,2024,eurostat,AMS,NL_EHAM_CL_SCEL
AMS-SEA,288400,323450,2024,eurostat,AMS,NL_EHAM_US_KSEA
AMS-SEA,280797,320418,2025,us-bts,US DOT,AMS-SEA:CLASS=F:all months
AMS-SFO,273602,340221,2024,eurostat,AMS,NL_EHAM_US_KSFO
AMS-SFO,259718,318168,2025,us-bts,US DOT,AMS-SFO:CLASS=F:all months
AMS-SIN,298247,334137,2024,eurostat,AMS,NL_EHAM_SG_WSSS
AMS-TPE,212100,251095,2024,eurostat,AMS,NL_EHAM_TW_RCTP
AMS-TPE,213656,245235,2025,tw-caa,TPE,53-1:376
AMS-UIO,147752,174038,2024,eurostat,AMS,NL_EHAM_EC_SEQM
AMS-VIE,780278,970404,2024,eurostat,AMS,NL_EHAM_AT_LOWW
AMS-VIE,778141,946598,2024,eurostat,VIE,AT_LOWW_NL_EHAM
AMS-WAW,599184,736858,2024,eurostat,AMS,NL_EHAM_PL_EPWA
AMS-WAW,599358,717672,2024,eurostat,WAW,PL_EPWA_NL_EHAM
AMS-XMN,133809,142853,2024,eurostat,AMS,NL_EHAM_CN_ZSAM
AMS-YUL,246354,291236,2024,eurostat,AMS,NL_EHAM_CA_CYUL
AMS-YVR,177667,201443,2024,eurostat,AMS,NL_EHAM_CA_CYVR
AMS-YYC,210799,229854,2024,eurostat,AMS,NL_EHAM_CA_CYYC
AMS-YYZ,548454,626250,2024,eurostat,AMS,NL_EHAM_CA_CYYZ
AMS-ZAG,234086,286782,2024,eurostat,AMS,NL_EHAM_HR_LDZA
AMS-ZAG,232553,285656,2024,eurostat,ZAG,HR_LDZA_NL_EHAM
AMS-ZRH,816734,1057576,2024,eurostat,AMS,NL_EHAM_CH_LSZH
AMS-ZRH,812381,1022314,2024,eurostat,ZRH,CH_LSZH_NL_EHAM
ARN-ATH,162090,184070,2024,eurostat,ARN,SE_ESSA_EL_LGAV
ARN-ATH,172168,198350,2024,eurostat,ATH,EL_LGAV_SE_ESSA
ARN-BCN,325956,361124,2024,eurostat,ARN,SE_ESSA_ES_LEBL
ARN-BCN,326035,358996,2024,eurostat,BCN,ES_LEBL_SE_ESSA
ARN-BER,317754,399135,2024,eurostat,ARN,SE_ESSA_DE_EDDB
ARN-BER,315807,397591,2024,eurostat,BER,DE_EDDB_SE_ESSA
ARN-BKK,190993,238681,2024,eurostat,ARN,SE_ESSA_TH_VTBS
ARN-BOS,119,216,2025,us-bts,US DOT,ARN-BOS:CLASS=F:all months
ARN-BRU,288049,379503,2024,eurostat,ARN,SE_ESSA_BE_EBBR
ARN-BRU,287950,377468,2024,eurostat,BRU,BE_EBBR_SE_ESSA
ARN-BUD,186671,214902,2024,eurostat,ARN,SE_ESSA_HU_LHBP
ARN-BUD,186466,214848,2024,eurostat,BUD,HU_LHBP_SE_ESSA
ARN-CDG,534840,631562,2024,eurostat,ARN,SE_ESSA_FR_LFPG
ARN-CDG,531185,620563,2024,eurostat,CDG,FR_LFPG_SE_ESSA
ARN-CPH,1303320,1690648,2024,eurostat,ARN,SE_ESSA_DK_EKCH
ARN-CPH,1292674,1679438,2024,eurostat,CPH,DK_EKCH_SE_ESSA
ARN-DOH,213327,328174,2024,eurostat,ARN,SE_ESSA_QA_OTHH
ARN-DUB,163132,194974,2024,eurostat,ARN,SE_ESSA_IE_EIDW
ARN-DUS,151600,223735,2024,eurostat,ARN,SE_ESSA_DE_EDDL
ARN-DUS,150303,216751,2024,eurostat,DUS,DE_EDDL_SE_ESSA
ARN-DXB,220144,300594,2024,eurostat,ARN,SE_ESSA_AE_OMDB
ARN-FCO,232299,259503,2024,eurostat,ARN,SE_ESSA_IT_LIRF
ARN-FCO,230735,257177,2024,eurostat,FCO,IT_LIRF_SE_ESSA
ARN-FRA,520802,683180,2024,eurostat,ARN,SE_ESSA_DE_EDDF
ARN-FRA,517148,623139,2024,eurostat,FRA,DE_EDDF_SE_ESSA
ARN-GVA,144601,184631,2024,eurostat,ARN,SE_ESSA_CH_LSGG
ARN-GVA,143387,179129,2024,eurostat,GVA,CH_LSGG_SE_ESSA
ARN-HEL,1070888,1590914,2024,eurostat,ARN,SE_ESSA_FI_EFHK
ARN-HEL,1074728,1515436,2024,eurostat,HEL,FI_EFHK_SE_ESSA
ARN-IST,261992,386610,2024,eurostat,ARN,SE_ESSA_TR_LTFM
ARN-IST,257369,338639,2024,eurostat,IST,TR_LTFM_SE_ESSA
ARN-JFK,69795,79275,2025,us-bts,US DOT,ARN-JFK:CLASS=F:all months
ARN-KEF,169282,208170,2024,eurostat,ARN,SE_ESSA_IS_BIKF
ARN-KEF,169781,196644,2024,eurostat,KEF,IS_BIKF_SE_ESSA
ARN-LHR,860753,1087628,2024,eurostat,ARN,SE_ESSA_UK_EGLL
ARN-LHR,854318,,2025,uk-caa,HEATHROW,1970
ARN-LIS,137141,161898,2024,eurostat,ARN,SE_ESSA_PT_LPPT
ARN-LIS,137042,160960,2024,eurostat,LIS,PT_LPPT_SE_ESSA
ARN-MAD,162003,192455,2024,eurostat,ARN,SE_ESSA_ES_LEMD
ARN-MAD,162752,192371,2024,eurostat,MAD,ES_LEMD_SE_ESSA
ARN-MAN,107983,138273,2024,eurostat,ARN,SE_ESSA_UK_EGCC
ARN-MAN,110104,,2025,uk-caa,MANCHESTER,2000
ARN-MIA,14440,16759,2025,us-bts,US DOT,ARN-MIA:CLASS=F:all months
ARN-MUC,517346,608921,2024,eurostat,ARN,SE_ESSA_DE_EDDM
ARN-MUC,513637,573630,2024,eurostat,MUC,DE_EDDM_SE_ESSA
ARN-OSL,1161291,1801837,2024,eurostat,ARN,SE_ESSA_NO_ENGM
ARN-OSL,1146116,1930819,2024,eurostat,OSL,NO_ENGM_SE_ESSA
ARN-PEK,141022,193780,2024,eurostat,ARN,SE_ESSA_CN_ZBAA
ARN-PRG,142339,187572,2024,eurostat,ARN,SE_ESSA_CZ_LKPR
ARN-VIE,411650,493326,2024,eurostat,ARN,SE_ESSA_AT_LOWW
ARN-VIE,410007,481110,2024,eurostat,VIE,AT_LOWW_SE_ESSA
ARN-WAW,167356,222439,2024,eurostat,ARN,SE_ESSA_PL_EPWA
ARN-WAW,167295,214465,2024,eurostat,WAW,PL_EPWA_SE_ESSA
ARN-ZRH,363690,436135,2024,eurostat,ARN,SE_ESSA_CH_LSZH
ARN-ZRH,360112,418330,2024,eurostat,ZRH,CH_LSZH_SE_ESSA
ATH-ATL,148028,155124,2024,eurostat,ATH,EL_LGAV_US_KATL
ATH-ATL,157996,175828,2025,us-bts,US DOT,ATH-ATL:CLASS=F:all months
ATH-AUH,223987,277633,2024,eurostat,ATH,EL_LGAV_AE_OMAA
ATH-BAH,89889,178111,2024,eurostat,ATH,EL_LGAV_BH_OBBI
ATH-BCN,445811,506582,2024,eurostat,ATH,EL_LGAV_ES_LEBL
ATH-BCN,422795,476513,2024,eurostat,BCN,ES_LEBL_EL_LGAV
ATH-BER,360730,443936,2024,eurostat,ATH,EL_LGAV_DE_EDDB
ATH-BER,358428,419409,2024,eurostat,BER,DE_EDDB_EL_LGAV
ATH-BOS,109735,126386,2024,eurostat,ATH,EL_LGAV_US_KBOS
ATH-BOS,95775,109041,2025,us-bts,US DOT,ATH-BOS:CLASS=F:all months
ATH-BRU,407557,503471,2024,eurostat,ATH,EL_LGAV_BE_EBBR
ATH-BRU,389001,470459,2024,eurostat,BRU,BE_EBBR_EL_LGAV
ATH-BUD,276080,313762,2024,eurostat,ATH,EL_LGAV_HU_LHBP
ATH-BUD,265295,300024,2024,eurostat,BUD,HU_LHBP_EL_LGAV
ATH-CAI,339717,464024,2024,eurostat,ATH,EL_LGAV_EG_HECA
ATH-CDG,807643,1009141,2024,eurostat,ATH,EL_LGAV_FR_LFPG
ATH-CDG,762757,932378,2024,eurostat,CDG,FR_LFPG_EL_LGAV
ATH-CPH,301941,352416,2024,eurostat,ATH,EL_LGAV_DK_EKCH
ATH-CPH,284281,325803,2024,eurostat,CPH,DK_EKCH_EL_LGAV
ATH-DOH,328099,444863,2024,eurostat,ATH,EL_LGAV_QA_OTHH
ATH-DUB,142385,162349,2024,eurostat,ATH,EL_LGAV_IE_EIDW
ATH-DUS,229644,289907,2024,eurostat,ATH,EL_LGAV_DE_EDDL
ATH-DUS,218486,266311,2024,eurostat,DUS,DE_EDDL_EL_LGAV
ATH-DXB,390144,489864,2024,eurostat,ATH,EL_LGAV_AE_OMDB
ATH-FCO,898573,1100311,2024,eurostat,ATH,EL_LGAV_IT_LIRF
ATH-FCO,846635,1040479,2024,eurostat,FCO,IT_LIRF_EL_LGAV
ATH-FRA,716535,878365,2024,eurostat,ATH,EL_LGAV_DE_EDDF
ATH-FRA,683211,803837,2024,eurostat,FRA,DE_EDDF_EL_LGAV
ATH-GVA,282421,351696,2024,eurostat,ATH,EL_LGAV_CH_LSGG
ATH-GVA,267774,320998,2024,eurostat,GVA,CH_LSGG_EL_LGAV
ATH-IAD,97311,114227,2024,eurostat,ATH,EL_LGAV_US_KIAD
ATH-IAD,92079,101546,2025,us-bts,US DOT,ATH-IAD:CLASS=F:all months
ATH-IST,981785,1217821,2024,eurostat,ATH,EL_LGAV_TR_LTFM
ATH-IST,929224,1157775,2024,eurostat,IST,TR_LTFM_EL_LGAV
ATH-JED,80214,118298,2024,eurostat,ATH,EL_LGAV_SA_OEJN
ATH-JFK,400649,457121,2024,eurostat,ATH,EL_LGAV_US_KJFK
ATH-JFK,375368,425810,2025,us-bts,US DOT,ATH-JFK:CLASS=F:all months
ATH-LAX,40543,45968,2025,us-bts,US DOT,ATH-LAX:CLASS=F:all months
ATH-LHR,919205,1182736,2024,eurostat,ATH,EL_LGAV_UK_EGLL
ATH-LHR,906308,,2025,uk-caa,HEATHROW,853
ATH-LIS,209448,234046,2024,eurostat,ATH,EL_LGAV_PT_LPPT
ATH-LIS,198954,220958,2024,eurostat,LIS,PT_LPPT_EL_LGAV
ATH-MAD,501442,583286,2024,eurostat,ATH,EL_LGAV_ES_LEMD
ATH-MAD,469135,544268,2024,eurostat,MAD,ES_LEMD_EL_LGAV
ATH-MAN,170825,194892,2024,eurostat,ATH,EL_LGAV_UK_EGCC
ATH-MAN,177479,,2025,uk-caa,MANCHESTER,1005
ATH-MUC,744851,902569,2024,eurostat,ATH,EL_LGAV_DE_EDDM
ATH-MUC,705334,827096,2024,eurostat,MUC,DE_EDDM_EL_LGAV
ATH-MXP,661915,841668,2024,eurostat,ATH,EL_LGAV_IT_LIMC
ATH-MXP,618060,782140,2024,eurostat,MXP,IT_LIMC_EL_LGAV
ATH-ORD,154548,172678,2024,eurostat,ATH,EL_LGAV_US_KORD
ATH-ORD,164335,174101,2025,us-bts,US DOT,ATH-ORD:CLASS=F:all months
ATH-OSL,123709,146184,2024,eurostat,ATH,EL_LGAV_NO_ENGM
ATH-OSL,114551,142780,2024,eurostat,OSL,NO_ENGM_EL_LGAV
ATH-PEK,77683,131248,2024,eurostat,ATH,EL_LGAV_CN_ZBAA
ATH-PRG,157138,198480,2024,eurostat,ATH,EL_LGAV_CZ_LKPR
ATH-SIN,119731,152327,2024,eurostat,ATH,EL_LGAV_SG_WSSS
ATH-VIE,549174,639498,2024,eurostat,ATH,EL_LGAV_AT_LOWW
ATH-VIE,523086,596157,2024,eurostat,VIE,AT_LOWW_EL_LGAV
ATH-WAW,269598,347749,2024,eurostat,ATH,EL_LGAV_PL_EPWA
ATH-WAW,267195,341611,2024,eurostat,WAW,PL_EPWA_EL_LGAV
ATH-YUL,233037,269268,2024,eurostat,ATH,EL_LGAV_CA_CYUL
ATH-YYZ,238729,266397,2024,eurostat,ATH,EL_LGAV_CA_CYYZ
ATH-ZAG,34068,46386,2024,eurostat,ZAG,HR_LDZA_EL_LGAV
ATH-ZRH,530003,640370,2024,eurostat,ATH,EL_LGAV_CH_LSZH
ATH-ZRH,502333,583954,2024,eurostat,ZRH,CH_LSZH_EL_LGAV
ATL-AUH,73401,97202,2025,us-bts,US DOT,ATL-AUH:CLASS=F:all months
ATL-BCN,190833,204712,2024,eurostat,BCN,ES_LEBL_US_KATL
ATL-BCN,195301,218527,2025,us-bts,US DOT,ATL-BCN:CLASS=F:all months
ATL-BER,915,994,2025,us-bts,US DOT,ATL-BER:CLASS=F:all months
ATL-BOG,237251,276473,2025,us-bts,US DOT,ATL-BOG:CLASS=F:all months
ATL-BRU,21524,25072,2025,us-bts,US DOT,ATL-BRU:CLASS=F:all months
ATL-CDG,819080,936616,2025,us-bts,US DOT,ATL-CDG:CLASS=F:all months
ATL-CPH,79175,92584,2024,eurostat,CPH,DK_EKCH_US_KATL
ATL-CPH,111948,139712,2025,us-bts,US DOT,ATL-CPH:CLASS=F:all months
ATL-CPT,81541,95440,2025,us-bts,US DOT,ATL-CPT:CLASS=F:all months
ATL-CUN,785879,903461,2025,us-bts,US DOT,ATL-CUN:CLASS=F:all months
ATL-DOH,214398,236974,2025,us-bts,US DOT,ATL-DOH:CLASS=F:all months
ATL-DUB,133713,152264,2025,us-bts,US DOT,ATL-DUB:CLASS=F:all months
ATL-EZE,191128,220355,2025,us-bts,US DOT,ATL-EZE:CLASS=F:all months
ATL-FCO,351412,389661,2024,eurostat,FCO,IT_LIRF_US_KATL
ATL-FCO,329988,373534,2025,us-bts,US DOT,ATL-FCO:CLASS=F:all months
ATL-FRA,284457,341291,2024,eurostat,FRA,DE_EDDF_US_KATL
ATL-FRA,275587,342846,2025,us-bts,US DOT,ATL-FRA:CLASS=F:all months
ATL-GIG,106523,120028,2025,us-bts,US DOT,ATL-GIG:CLASS=F:all months
ATL-GRU,344200,400580,2025,us-bts,US DOT,ATL-GRU:CLASS=F:all months
ATL-ICN,554519,639122,2025,us-bts,US DOT,ATL-ICN:CLASS=F:all months
ATL-IST,220470,264581,2024,eurostat,IST,TR_LTFM_US_KATL
ATL-IST,235614,292618,2025,us-bts,US DOT,ATL-IST:CLASS=F:all months
ATL-JNB,148310,186393,2025,us-bts,US DOT,ATL-JNB:CLASS=F:all months
ATL-KIX,238,277,2025,us-bts,US DOT,ATL-KIX:CLASS=F:all months
ATL-LHR,790122,,2025,uk-caa,HEATHROW,2969
ATL-LHR,758161,937833,2025,us-bts,US DOT,ATL-LHR:CLASS=F:all months
ATL-LIM,348620,386353,2025,us-bts,US DOT,ATL-LIM:CLASS=F:all months
ATL-LOS,136972,174169,2025,us-bts,US DOT,ATL-LOS:CLASS=F:all months
ATL-MAD,159960,171132,2024,eurostat,MAD,ES_LEMD_US_KATL
ATL-MAD,156021,173000,2025,us-bts,US DOT,ATL-MAD:CLASS=F:all months
ATL-MAN,134856,,2025,uk-caa,MANCHESTER,3032
ATL-MAN,133349,167516,2025,us-bts,US DOT,ATL-MAN:CLASS=F:all months
ATL-MEX,468446,554346,2025,us-bts,US DOT,ATL-MEX:CLASS=F:all months
ATL-MUC,142317,160567,2024,eurostat,MUC,DE_EDDM_US_KATL
ATL-MUC,127319,158070,2025,us-bts,US DOT,ATL-MUC:CLASS=F:all months
ATL-MXP,120658,134153,2024,eurostat,MXP,IT_LIMC_US_KATL
ATL-MXP,121534,139684,2025,us-bts,US DOT,ATL-MXP:CLASS=F:all months
ATL-NRT,494,595,2025,us-bts,US DOT,ATL-NRT:CLASS=F:all months
ATL-PTY,194863,222050,2025,us-bts,US DOT,ATL-PTY:CLASS=F:all months
ATL-PUS,516,554,2025,us-bts,US DOT,ATL-PUS:CLASS=F:all months
ATL-RAK,12531,17159,2025,us-bts,US DOT,ATL-RAK:CLASS=F:all months
ATL-SCL,206789,240839,2025,us-bts,US DOT,ATL-SCL:CLASS=F:all months
ATL-UIO,130678,148050,2025,us-bts,US DOT,ATL-UIO:CLASS=F:all months
ATL-YUL,256773,320886,2025,us-bts,US DOT,ATL-YUL:CLASS=F:all months
ATL-YVR,109229,135282,2025,us-bts,US DOT,ATL-YVR:CLASS=F:all months
ATL-YYC,176059,201472,2025,us-bts,US DOT,ATL-YYC:CLASS=F:all months
ATL-YYZ,479157,622161,2025,us-bts,US DOT,ATL-YYZ:CLASS=F:all months
ATL-ZRH,59291,67784,2025,us-bts,US DOT,ATL-ZRH:CLASS=F:all months
AUH-BCN,268892,302288,2024,eurostat,BCN,ES_LEBL_AE_OMAA
AUH-BOS,182070,215315,2025,us-bts,US DOT,AUH-BOS:CLASS=F:all months
AUH-BRU,198327,223133,2024,eurostat,BRU,BE_EBBR_AE_OMAA
AUH-BUD,94392,105161,2024,eurostat,BUD,HU_LHBP_AE_OMAA
AUH-CDG,417610,469870,2024,eurostat,CDG,FR_LFPG_AE_OMAA
AUH-CPH,101190,121599,2024,eurostat,CPH,DK_EKCH_AE_OMAA
AUH-FCO,499131,594400,2024,eurostat,FCO,IT_LIRF_AE_OMAA
AUH-FRA,315647,356792,2024,eurostat,FRA,DE_EDDF_AE_OMAA
AUH-GVA,131838,208359,2024,eurostat,GVA,CH_LSGG_AE_OMAA
AUH-IAD,197033,222312,2025,us-bts,US DOT,AUH-IAD:CLASS=F:all months
AUH-IST,365227,471079,2024,eurostat,IST,TR_LTFM_AE_OMAA
AUH-JFK,415969,458481,2025,us-bts,US DOT,AUH-JFK:CLASS=F:all months
AUH-LHR,1147835,,2025,uk-caa,HEATHROW,2833
AUH-LIS,120218,135494,2024,eurostat,LIS,PT_LPPT_AE_OMAA
AUH-MAD,280409,316533,2024,eurostat,MAD,ES_LEMD_AE_OMAA
AUH-MAN,391874,,2025,uk-caa,MANCHESTER,2845
AUH-MUC,273753,312012,2024,eurostat,MUC,DE_EDDM_AE_OMAA
AUH-MXP,268913,313648,2024,eurostat,MXP,IT_LIMC_AE_OMAA
AUH-ORD,249439,269843,2025,us-bts,US DOT,AUH-ORD:CLASS=F:all months
AUH-TPE,50793,64406,2025,tw-caa,TPE,53-1:136
AUH-VIE,292351,325193,2024,eurostat,VIE,AT_LOWW_AE_OMAA
AUH-ZRH,212829,244888,2024,eurostat,ZRH,CH_LSZH_AE_OMAA
BAH-CDG,94922,119218,2024,eurostat,CDG,FR_LFPG_BH_OBBI
BAH-FRA,91607,121625,2024,eurostat,FRA,DE_EDDF_BH_OBBI
BAH-IST,212357,340104,2024,eurostat,IST,TR_LTFM_BH_OBBI
BAH-JFK,20822,30456,2025,us-bts,US DOT,BAH-JFK:CLASS=F:all months
BAH-LHR,442697,,2025,uk-caa,HEATHROW,2805
BAH-MAN,132498,,2025,uk-caa,MANCHESTER,2807
BCN-BER,618727,667518,2024,eurostat,BCN,ES_LEBL_DE_EDDB
BCN-BER,616051,670220,2024,eurostat,BER,DE_EDDB_ES_LEBL
BCN-BOG,183723,209270,2024,eurostat,BCN,ES_LEBL_CO_SKBO
BCN-BOS,122579,146048,2024,eurostat,BCN,ES_LEBL_US_KBOS
BCN-BOS,196639,245519,2025,us-bts,US DOT,BCN-BOS:CLASS=F:all months
BCN-BRU,881225,981589,2024,eurostat,BCN,ES_LEBL_BE_EBBR
BCN-BRU,883847,983521,2024,eurostat,BRU,BE_EBBR_ES_LEBL
BCN-BUD,482297,535021,2024,eurostat,BCN,ES_LEBL_HU_LHBP
BCN-BUD,482054,535382,2024,eurostat,BUD,HU_LHBP_ES_LEBL
BCN-CAI,129860,179883,2024,eurostat,BCN,ES_LEBL_EG_HECA
BCN-CDG,1291815,1452802,2024,eurostat,BCN,ES_LEBL_FR_LFPG
BCN-CDG,1286465,1453253,2024,eurostat,CDG,FR_LFPG_ES_LEBL
BCN-CMN,177539,241648,2024,eurostat,BCN,ES_LEBL_MA_GMMN
BCN-CPH,530439,587918,2024,eurostat,BCN,ES_LEBL_DK_EKCH
BCN-CPH,530090,589067,2024,eurostat,CPH,DK_EKCH_ES_LEBL
BCN-DFW,98794,109967,2025,us-bts,US DOT,BCN-DFW:CLASS=F:all months
BCN-DOH,590053,676598,2024,eurostat,BCN,ES_LEBL_QA_OTHH
BCN-DUB,713060,807535,2024,eurostat,BCN,ES_LEBL_IE_EIDW
BCN-DUS,437621,498708,2024,eurostat,BCN,ES_LEBL_DE_EDDL
BCN-DUS,434528,498974,2024,eurostat,DUS,DE_EDDL_ES_LEBL
BCN-DXB,484327,596373,2024,eurostat,BCN,ES_LEBL_AE_OMDB
BCN-EZE,189459,203372,2024,eurostat,BCN,ES_LEBL_AR_SAEZ
BCN-FCO,1706636,1949437,2024,eurostat,BCN,ES_LEBL_IT_LIRF
BCN-FCO,1703342,1957346,2024,eurostat,FCO,IT_LIRF_ES_LEBL
BCN-FRA,808807,961870,2024,eurostat,BCN,ES_LEBL_DE_EDDF
BCN-FRA,804743,933837,2024,eurostat,FRA,DE_EDDF_ES_LEBL
BCN-GRU,139458,151645,2024,eurostat,BCN,ES_LEBL_BR_SBGR
BCN-GVA,539963,631166,2024,eurostat,BCN,ES_LEBL_CH_LSGG
BCN-GVA,536200,572049,2024,eurostat,GVA,CH_LSGG_ES_LEBL
BCN-HEL,203880,240382,2024,eurostat,BCN,ES_LEBL_FI_EFHK
BCN-HEL,204231,233588,2024,eurostat,HEL,FI_EFHK_ES_LEBL
BCN-IAD,114188,131977,2024,eurostat,BCN,ES_LEBL_US_KIAD
BCN-IAD,118374,138100,2025,us-bts,US DOT,BCN-IAD:CLASS=F:all months
BCN-ICN,235736,275562,2024,eurostat,BCN,ES_LEBL_KR_RKSI
BCN-IST,524218,656175,2024,eurostat,BCN,ES_LEBL_TR_LTFM
BCN-IST,521196,608091,2024,eurostat,IST,TR_LTFM_ES_LEBL
BCN-JFK,484304,534223,2024,eurostat,BCN,ES_LEBL_US_KJFK
BCN-JFK,565641,625110,2025,us-bts,US DOT,BCN-JFK:CLASS=F:all months
BCN-KEF,99278,117355,2024,eurostat,BCN,ES_LEBL_IS_BIKF
BCN-KEF,99239,116675,2024,eurostat,KEF,IS_BIKF_ES_LEBL
BCN-LAX,120877,137118,2024,eurostat,BCN,ES_LEBL_US_KLAX
BCN-LAX,167311,195314,2025,us-bts,US DOT,BCN-LAX:CLASS=F:all months
BCN-LHR,981945,1221102,2024,eurostat,BCN,ES_LEBL_UK_EGLL
BCN-LHR,976457,,2025,uk-caa,HEATHROW,1580
BCN-LIS,1305408,1505551,2024,eurostat,BCN,ES_LEBL_PT_LPPT
BCN-LIS,1305162,1509791,2024,eurostat,LIS,PT_LPPT_ES_LEBL
BCN-MAD,2036488,2420584,2024,eurostat,BCN,ES_LEBL_ES_LEMD
BCN-MAD,2036488,2420584,2024,eurostat,MAD,ES_LEMD_ES_LEBL
BCN-MAN,543841,612618,2024,eurostat,BCN,ES_LEBL_UK_EGCC
BCN-MAN,559304,,2025,uk-caa,MANCHESTER,1832
BCN-MEX,140331,223836,2024,eurostat,BCN,ES_LEBL_MX_MMMX
BCN-MIA,228847,254216,2024,eurostat,BCN,ES_LEBL_US_KMIA
BCN-MIA,279163,316389,2025,us-bts,US DOT,BCN-MIA:CLASS=F:all months
BCN-MUC,820280,946920,2024,eurostat,BCN,ES_LEBL_DE_EDDM
BCN-MUC,816690,928821,2024,eurostat,MUC,DE_EDDM_ES_LEBL
BCN-MXP,1279578,1515831,2024,eurostat,BCN,ES_LEBL_IT_LIMC
BCN-MXP,1320833,1615978,2024,eurostat,MXP,IT_LIMC_ES_LEBL
BCN-ORD,174866,190719,2024,eurostat,BCN,ES_LEBL_US_KORD
BCN-ORD,182123,209028,2025,us-bts,US DOT,BCN-ORD:CLASS=F:all months
BCN-OSL,251042,282997,2024,eurostat,BCN,ES_LEBL_NO_ENGM
BCN-OSL,248913,289115,2024,eurostat,OSL,NO_ENGM_ES_LEBL
BCN-PEK,143774,187142,2024,eurostat,BCN,ES_LEBL_CN_ZBAA
BCN-PRG,412534,455663,2024,eurostat,BCN,ES_LEBL_CZ_LKPR
BCN-RAK,215407,241109,2024,eurostat,BCN,ES_LEBL_MA_GMMX
BCN-SCL,86476,98544,2024,eurostat,BCN,ES_LEBL_CL_SCEL
BCN-SFO,134616,151599,2024,eurostat,BCN,ES_LEBL_US_KSFO
BCN-SFO,154172,180742,2025,us-bts,US DOT,BCN-SFO:CLASS=F:all months
BCN-VIE,745546,838493,2024,eurostat,BCN,ES_LEBL_AT_LOWW
BCN-VIE,743944,834161,2024,eurostat,VIE,AT_LOWW_ES_LEBL
BCN-WAW,370388,415566,2024,eurostat,BCN,ES_LEBL_PL_EPWA
BCN-WAW,370883,412614,2024,eurostat,WAW,PL_EPWA_ES_LEBL
BCN-YUL,240430,278227,2024,eurostat,BCN,ES_LEBL_CA_CYUL
BCN-YYZ,189989,218616,2024,eurostat,BCN,ES_LEBL_CA_CYYZ
BCN-ZRH,729601,869548,2024,eurostat,BCN,ES_LEBL_CH_LSZH
BCN-ZRH,724427,846624,2024,eurostat,ZRH,CH_LSZH_ES_LEBL
BER-BRU,400200,497744,2024,eurostat,BER,DE_EDDB_BE_EBBR
BER-BRU,402331,495440,2024,eurostat,BRU,BE_EBBR_DE_EDDB
BER-BUD,360470,401778,2024,eurostat,BER,DE_EDDB_HU_LHBP
BER-BUD,360976,400202,2024,eurostat,BUD,HU_LHBP_DE_EDDB
BER-CAI,84825,128071,2024,eurostat,BER,DE_EDDB_EG_HECA
BER-CDG,694691,810469,2024,eurostat,BER,DE_EDDB_FR_LFPG
BER-CDG,695450,804682,2024,eurostat,CDG,FR_LFPG_DE_EDDB
BER-CPH,478453,633665,2024,eurostat,BER,DE_EDDB_DK_EKCH
BER-CPH,481560,632442,2024,eurostat,CPH,DK_EKCH_DE_EDDB
BER-DUB,414245,483714,2024,eurostat,BER,DE_EDDB_IE_EIDW
BER-DUS,234428,384109,2024,eurostat,BER,DE_EDDB_DE_EDDL
BER-DUS,234077,367939,2024,eurostat,DUS,DE_EDDL_DE_EDDB
BER-FCO,520461,576443,2024,eurostat,BER,DE_EDDB_IT_LIRF
BER-FCO,523754,577648,2024,eurostat,FCO,IT_LIRF_DE_EDDB
BER-FRA,1167497,1484373,2024,eurostat,BER,DE_EDDB_DE_EDDF
BER-FRA,1168326,1484562,2024,eurostat,FRA,DE_EDDF_DE_EDDB
BER-GVA,143684,187992,2024,eurostat,BER,DE_EDDB_CH_LSGG
BER-GVA,143616,169700,2024,eurostat,GVA,CH_LSGG_DE_EDDB
BER-HEL,347321,502881,2024,eurostat,BER,DE_EDDB_FI_EFHK
BER-HEL,349394,479891,2024,eurostat,HEL,FI_EFHK_DE_EDDB
BER-IAD,64,231,2025,us-bts,US DOT,BER-IAD:CLASS=F:all months
BER-IST,651605,797564,2024,eurostat,BER,DE_EDDB_TR_LTFM
BER-IST,651870,786616,2024,eurostat,IST,TR_LTFM_DE_EDDB
BER-JFK,137633,159330,2024,eurostat,BER,DE_EDDB_US_KJFK
BER-JFK,119212,133061,2025,us-bts,US DOT,BER-JFK:CLASS=F:all months
BER-KEF,165137,196035,2024,eurostat,BER,DE_EDDB_IS_BIKF
BER-KEF,165841,195678,2024,eurostat,KEF,IS_BIKF_DE_EDDB
BER-LHR,611164,777113,2024,eurostat,BER,DE_EDDB_UK_EGLL
BER-LHR,648324,,2025,uk-caa,HEATHROW,676
BER-LIS,312553,362862,2024,eurostat,BER,DE_EDDB_PT_LPPT
BER-LIS,315041,360306,2024,eurostat,LIS,PT_LPPT_DE_EDDB
BER-MAD,537252,598783,2024,eurostat,BER,DE_EDDB_ES_LEMD
BER-MAD,540657,597553,2024,eurostat,MAD,ES_LEMD_DE_EDDB
BER-MAN,282329,313128,2024,eurostat,BER,DE_EDDB_UK_EGCC
BER-MAN,305491,,2025,uk-caa,MANCHESTER,807
BER-MIA,31572,36878,2025,us-bts,US DOT,BER-MIA:CLASS=F:all months
BER-MUC,919788,1188223,2024,eurostat,BER,DE_EDDB_DE_EDDM
BER-MUC,918732,1188022,2024,eurostat,MUC,DE_EDDM_DE_EDDB
BER-MXP,110764,121011,2024,eurostat,BER,DE_EDDB_IT_LIMC
BER-MXP,111167,120238,2024,eurostat,MXP,IT_LIMC_DE_EDDB
BER-OSL,271543,344717,2024,eurostat,BER,DE_EDDB_NO_ENGM
BER-OSL,272303,349237,2024,eurostat,OSL,NO_ENGM_DE_EDDB
BER-PEK,95659,133966,2024,eurostat,BER,DE_EDDB_CN_ZBAA
BER-VIE,694424,1021355,2024,eurostat,BER,DE_EDDB_AT_LOWW
BER-VIE,696557,983118,2024,eurostat,VIE,AT_LOWW_DE_EDDB
BER-WAW,107399,152448,2024,eurostat,BER,DE_EDDB_PL_EPWA
BER-WAW,107506,145520,2024,eurostat,WAW,PL_EPWA_DE_EDDB
BER-ZRH,861683,1127103,2024,eurostat,BER,DE_EDDB_CH_LSZH
BER-ZRH,861001,1074472,2024,eurostat,ZRH,CH_LSZH_DE_EDDB
BKI-KHH,13509,20064,2025,tw-caa,KHH,53-2:38
BKI-TPE,95139,135660,2025,tw-caa,TPE,53-1:85
BKK-CDG,430139,473816,2024,eurostat,CDG,FR_LFPG_TH_VTBS
BKK-CPH,265275,302777,2024,eurostat,CPH,DK_EKCH_TH_VTBS
BKK-FRA,460078,546724,2024,eurostat,FRA,DE_EDDF_TH_VTBS
BKK-HEL,253703,304561,2024,eurostat,HEL,FI_EFHK_TH_VTBS
BKK-IST,674461,809547,2024,eurostat,IST,TR_LTFM_TH_VTBS
BKK-KHH,162015,240084,2025,tw-caa,KHH,53-2:80
BKK-LHR,595800,,2025,uk-caa,HEATHROW,2924
BKK-MUC,463363,520770,2024,eurostat,MUC,DE_EDDM_TH_VTBS
BKK-MXP,91382,108022,2024,eurostat,MXP,IT_LIMC_TH_VTBS
BKK-OSL,145469,174869,2024,eurostat,OSL,NO_ENGM_TH_VTBS
BKK-TPE,2427898,3258459,2025,tw-caa,TPE,53-1:196
BKK-VIE,356651,396328,2024,eurostat,VIE,AT_LOWW_TH_VTBS
BKK-ZRH,434493,487426,2024,eurostat,ZRH,CH_LSZH_TH_VTBS
BLR-CDG,156694,182301,2024,eurostat,CDG,FR_LFPG_IN_VOBL
BLR-FRA,203598,247256,2024,eurostat,FRA,DE_EDDF_IN_VOBL
BLR-LHR,448584,,2025,uk-caa,HEATHROW,2860
BLR-MUC,90154,112741,2024,eurostat,MUC,DE_EDDM_IN_VOBL
BLR-SFO,61041,93767,2025,us-bts,US DOT,BLR-SFO:CLASS=F:all months
BNE-DFW,56106,74458,2025,us-bts,US DOT,BNE-DFW:CLASS=F:all months
BNE-HNL,221,285,2025,us-bts,US DOT,BNE-HNL:CLASS=F:all months
BNE-LAX,157104,192840,2025,us-bts,US DOT,BNE-LAX:CLASS=F:all months
BNE-SFO,127522,174292,2025,us-bts,US DOT,BNE-SFO:CLASS=F:all months
BNE-TPE,209019,268802,2025,tw-caa,TPE,53-1:39
BOG-BOS,44267,55025,2025,us-bts,US DOT,BOG-BOS:CLASS=F:all months
BOG-CDG,278814,318179,2024,eurostat,CDG,FR_LFPG_CO_SKBO
BOG-DFW,128136,164670,2025,us-bts,US DOT,BOG-DFW:CLASS=F:all months
BOG-FRA,115522,138408,2024,eurostat,FRA,DE_EDDF_CO_SKBO
BOG-IAD,167503,205979,2025,us-bts,US DOT,BOG-IAD:CLASS=F:all months
BOG-IAH,210563,240946,2025,us-bts,US DOT,BOG-IAH:CLASS=F:all months
BOG-IST,94978,115602,2024,eurostat,IST,TR_LTFM_CO_SKBO
BOG-JFK,357887,422886,2025,us-bts,US DOT,BOG-JFK:CLASS=F:all months
BOG-LHR,177739,,2025,uk-caa,HEATHROW,3073
BOG-MAD,1546093,1754380,2024,eurostat,MAD,ES_LEMD_CO_SKBO
BOG-MIA,993993,1317600,2025,us-bts,US DOT,BOG-MIA:CLASS=F:all months
BOG-ORD,99771,126072,2025,us-bts,US DOT,BOG-ORD:CLASS=F:all months
BOM-CDG,299430,386208,2024,eurostat,CDG,FR_LFPG_IN_VABB
BOM-FRA,294192,390856,2024,eurostat,FRA,DE_EDDF_IN_VABB
BOM-IST,489174,640804,2024,eurostat,IST,TR_LTFM_IN_VABB
BOM-JFK,172434,221854,2025,us-bts,US DOT,BOM-JFK:CLASS=F:all months
BOM-LHR,1240364,,2025,uk-caa,HEATHROW,2864
BOM-MAN,43451,,2025,uk-caa,MANCHESTER,2871
BOM-MUC,171774,206963,2024,eurostat,MUC,DE_EDDM_IN_VABB
BOM-SFO,80240,122888,2025,us-bts,US DOT,BOM-SFO:CLASS=F:all months
BOM-ZRH,145845,172754,2024,eurostat,ZRH,CH_LSZH_IN_VABB
BOS-BRU,24306,26256,2025,us-bts,US DOT,BOS-BRU:CLASS=F:all months
BOS-CDG,531330,615146,2024,eurostat,CDG,FR_LFPG_US_KBOS
BOS-CDG,536306,621176,2025,us-bts,US DOT,BOS-CDG:CLASS=F:all months
BOS-CPH,136118,158995,2024,eurostat,CPH,DK_EKCH_US_KBOS
BOS-CPH,130192,152286,2025,us-bts,US DOT,BOS-CPH:CLASS=F:all months
BOS-CUN,283104,322527,2025,us-bts,US DOT,BOS-CUN:CLASS=F:all months
BOS-DEL,1175,1596,2025,us-bts,US DOT,BOS-DEL:CLASS=F:all months
BOS-DOH,189003,207156,2025,us-bts,US DOT,BOS-DOH:CLASS=F:all months
BOS-DUB,468656,582657,2025,us-bts,US DOT,BOS-DUB:CLASS=F:all months
BOS-DXB,170610,258420,2025,us-bts,US DOT,BOS-DXB:CLASS=F:all months
BOS-FCO,232912,287222,2024,eurostat,FCO,IT_LIRF_US_KBOS
BOS-FCO,229890,275219,2025,us-bts,US DOT,BOS-FCO:CLASS=F:all months
BOS-FRA,267424,324317,2024,eurostat,FRA,DE_EDDF_US_KBOS
BOS-FRA,318752,412318,2025,us-bts,US DOT,BOS-FRA:CLASS=F:all months
BOS-GRU,89406,103661,2025,us-bts,US DOT,BOS-GRU:CLASS=F:all months
BOS-GVA,222,236,2025,us-bts,US DOT,BOS-GVA:CLASS=F:all months
BOS-HKG,204549,234802,2025,us-bts,US DOT,BOS-HKG:CLASS=F:all months
BOS-ICN,165981,200604,2025,us-bts,US DOT,BOS-ICN:CLASS=F:all months
BOS-IST,177405,207402,2024,eurostat,IST,TR_LTFM_US_KBOS
BOS-IST,175750,214303,2025,us-bts,US DOT,BOS-IST:CLASS=F:all months
BOS-KEF,354144,433908,2024,eurostat,KEF,IS_BIKF_US_KBOS
BOS-KEF,279841,361583,2025,us-bts,US DOT,BOS-KEF:CLASS=F:all months
BOS-KIX,209,277,2025,us-bts,US DOT,BOS-KIX:CLASS=F:all months
BOS-LHR,1105185,,2025,uk-caa,HEATHROW,2972
BOS-LHR,1083728,1382061,2025,us-bts,US DOT,BOS-LHR:CLASS=F:all months
BOS-LIS,336184,387783,2024,eurostat,LIS,PT_LPPT_US_KBOS
BOS-LIS,331547,374959,2025,us-bts,US DOT,BOS-LIS:CLASS=F:all months
BOS-MAD,150679,182616,2024,eurostat,MAD,ES_LEMD_US_KBOS
BOS-MAD,194352,235026,2025,us-bts,US DOT,BOS-MAD:CLASS=F:all months
BOS-MAN,186,,2025,uk-caa,MANCHESTER,3033
BOS-MAN,582,661,2025,us-bts,US DOT,BOS-MAN:CLASS=F:all months
BOS-MEX,97921,119988,2025,us-bts,US DOT,BOS-MEX:CLASS=F:all months
BOS-MUC,226054,294505,2024,eurostat,MUC,DE_EDDM_US_KBOS
BOS-MUC,220307,299048,2025,us-bts,US DOT,BOS-MUC:CLASS=F:all months
BOS-MXP,38762,50289,2025,us-bts,US DOT,BOS-MXP:CLASS=F:all months
BOS-NRT,118133,143673,2025,us-bts,US DOT,BOS-NRT:CLASS=F:all months
BOS-OSL,261,314,2025,us-bts,US DOT,BOS-OSL:CLASS=F:all months
BOS-PEK,35224,45552,2025,us-bts,US DOT,BOS-PEK:CLASS=F:all months
BOS-PTY,145735,167456,2025,us-bts,US DOT,BOS-PTY:CLASS=F:all months
BOS-PUS,241,277,2025,us-bts,US DOT,BOS-PUS:CLASS=F:all months
BOS-PVG,536,1168,2025,us-bts,US DOT,BOS-PVG:CLASS=F:all months
BOS-VIE,48467,66676,2025,us-bts,US DOT,BOS-VIE:CLASS=F:all months
BOS-YUL,148818,196459,2025,us-bts,US DOT,BOS-YUL:CLASS=F:all months
BOS-YVR,41282,50798,2025,us-bts,US DOT,BOS-YVR:CLASS=F:all months
BOS-YYC,32387,36517,2025,us-bts,US DOT,BOS-YYC:CLASS=F:all months
BOS-YYZ,263381,320589,2025,us-bts,US DOT,BOS-YYZ:CLASS=F:all months
BOS-ZRH,206067,247042,2024,eurostat,ZRH,CH_LSZH_US_KBOS
BOS-ZRH,208758,251271,2025,us-bts,US DOT,BOS-ZRH:CLASS=F:all months
BRU-BUD,207153,260294,2024,eurostat,BRU,BE_EBBR_HU_LHBP
BRU-BUD,207082,260858,2024,eurostat,BUD,HU_LHBP_BE_EBBR
BRU-CDG,203542,331283,2024,eurostat,BRU,BE_EBBR_FR_LFPG
BRU-CDG,199106,323286,2024,eurostat,CDG,FR_LFPG_BE_EBBR
BRU-CMN,220908,291721,2024,eurostat,BRU,BE_EBBR_MA_GMMN
BRU-CPH,429515,586126,2024,eurostat,BRU,BE_EBBR_DK_EKCH
BRU-CPH,429201,586242,2024,eurostat,CPH,DK_EKCH_BE_EBBR
BRU-DOH,259003,312222,2024,eurostat,BRU,BE_EBBR_QA_OTHH
BRU-DUB,469961,544198,2024,eurostat,BRU,BE_EBBR_IE_EIDW
BRU-DXB,384322,510094,2024,eurostat,BRU,BE_EBBR_AE_OMDB
BRU-FCO,633983,753541,2024,eurostat,BRU,BE_EBBR_IT_LIRF
BRU-FCO,632604,759162,2024,eurostat,FCO,IT_LIRF_BE_EBBR
BRU-FRA,514276,760111,2024,eurostat,BRU,BE_EBBR_DE_EDDF
BRU-FRA,512844,714264,2024,eurostat,FRA,DE_EDDF_BE_EBBR
BRU-GVA,526592,713720,2024,eurostat,BRU,BE_EBBR_CH_LSGG
BRU-GVA,522585,665724,2024,eurostat,GVA,CH_LSGG_BE_EBBR
BRU-HEL,181777,265445,2024,eurostat,BRU,BE_EBBR_FI_EFHK
BRU-HEL,181913,254870,2024,eurostat,HEL,FI_EFHK_BE_EBBR
BRU-IAD,263836,311858,2024,eurostat,BRU,BE_EBBR_US_KIAD
BRU-IAD,249889,303506,2025,us-bts,US DOT,BRU-IAD:CLASS=F:all months
BRU-IST,460111,556570,2024,eurostat,BRU,BE_EBBR_TR_LTFM
BRU-IST,454812,561887,2024,eurostat,IST,TR_LTFM_BE_EBBR
BRU-JFK,265503,317442,2024,eurostat,BRU,BE_EBBR_US_KJFK
BRU-JFK,187489,239518,2025,us-bts,US DOT,BRU-JFK:CLASS=F:all months
BRU-KEF,70762,90226,2024,eurostat,KEF,IS_BIKF_BE_EBBR
BRU-LHR,571288,852465,2024,eurostat,BRU,BE_EBBR_UK_EGLL
BRU-LHR,570834,,2025,uk-caa,HEATHROW,68
BRU-LIS,516642,611760,2024,eurostat,BRU,BE_EBBR_PT_LPPT
BRU-LIS,516129,610698,2024,eurostat,LIS,PT_LPPT_BE_EBBR
BRU-MAD,1014027,1168192,2024,eurostat,BRU,BE_EBBR_ES_LEMD
BRU-MAD,1014127,1171550,2024,eurostat,MAD,ES_LEMD_BE_EBBR
BRU-MAN,141964,198349,2024,eurostat,BRU,BE_EBBR_UK_EGCC
BRU-MAN,136577,,2025,uk-caa,MANCHESTER,101
BRU-MUC,450633,669413,2024,eurostat,BRU,BE_EBBR_DE_EDDM
BRU-MUC,448391,635155,2024,eurostat,MUC,DE_EDDM_BE_EBBR
BRU-MXP,114592,166899,2024,eurostat,BRU,BE_EBBR_IT_LIMC
BRU-MXP,113676,165841,2024,eurostat,MXP,IT_LIMC_BE_EBBR
BRU-ORD,202871,231822,2024,eurostat,BRU,BE_EBBR_US_KORD
BRU-ORD,197004,228749,2025,us-bts,US DOT,BRU-ORD:CLASS=F:all months
BRU-OSL,254100,332909,2024,eurostat,BRU,BE_EBBR_NO_ENGM
BRU-OSL,253240,352039,2024,eurostat,OSL,NO_ENGM_BE_EBBR
BRU-PEK,161514,204039,2024,eurostat,BRU,BE_EBBR_CN_ZBAA
BRU-PRG,207707,268333,2024,eurostat,BRU,BE_EBBR_CZ_LKPR
BRU-PVG,85898,115858,2024,eurostat,BRU,BE_EBBR_CN_ZSPD
BRU-RAK,140398,156390,2024,eurostat,BRU,BE_EBBR_MA_GMMX
BRU-SEA,283,293,2025,us-bts,US DOT,BRU-SEA:CLASS=F:all months
BRU-VIE,518716,727484,2024,eurostat,BRU,BE_EBBR_AT_LOWW
BRU-VIE,517411,711218,2024,eurostat,VIE,AT_LOWW_BE_EBBR
BRU-WAW,278677,386653,2024,eurostat,BRU,BE_EBBR_PL_EPWA
BRU-WAW,278266,372585,2024,eurostat,WAW,PL_EPWA_BE_EBBR
BRU-YUL,236468,265255,2024,eurostat,BRU,BE_EBBR_CA_CYUL
BRU-ZAG,51662,91740,2024,eurostat,ZAG,HR_LDZA_BE_EBBR
BRU-ZRH,333309,483744,2024,eurostat,BRU,BE_EBBR_CH_LSZH
BRU-ZRH,330929,461037,2024,eurostat,ZRH,CH_LSZH_BE_EBBR
BUD-CDG,281528,361553,2024,eurostat,BUD,HU_LHBP_FR_LFPG
BUD-CDG,279863,346352,2024,eurostat,CDG,FR_LFPG_HU_LHBP
BUD-CPH,357353,418289,2024,eurostat,BUD,HU_LHBP_DK_EKCH
BUD-CPH,357713,418154,2024,eurostat,CPH,DK_EKCH_HU_LHBP
BUD-DOH,111257,158403,2024,eurostat,BUD,HU_LHBP_QA_OTHH
BUD-DUB,208171,228140,2024,eurostat,BUD,HU_LHBP_IE_EIDW
BUD-DUS,124451,176094,2024,eurostat,BUD,HU_LHBP_DE_EDDL
BUD-DUS,124203,176967,2024,eurostat,DUS,DE_EDDL_HU_LHBP
BUD-DXB,382692,480671,2024,eurostat,BUD,HU_LHBP_AE_OMDB
BUD-FCO,259773,300643,2024,eurostat,BUD,HU_LHBP_IT_LIRF
BUD-FCO,259447,300593,2024,eurostat,FCO,IT_LIRF_HU_LHBP
BUD-FRA,482651,588578,2024,eurostat,BUD,HU_LHBP_DE_EDDF
BUD-FRA,481065,568576,2024,eurostat,FRA,DE_EDDF_HU_LHBP
BUD-GVA,85607,99416,2024,eurostat,BUD,HU_LHBP_CH_LSGG
BUD-GVA,85196,91659,2024,eurostat,GVA,CH_LSGG_HU_LHBP
BUD-HEL,132468,181428,2024,eurostat,BUD,HU_LHBP_FI_EFHK
BUD-HEL,134747,178305,2024,eurostat,HEL,FI_EFHK_HU_LHBP
BUD-ICN,149086,179903,2024,eurostat,BUD,HU_LHBP_KR_RKSI
BUD-IST,517748,615249,2024,eurostat,BUD,HU_LHBP_TR_LTFM
BUD-IST,519169,619207,2024,eurostat,IST,TR_LTFM_HU_LHBP
BUD-JFK,474,504,2025,us-bts,US DOT,BUD-JFK:CLASS=F:all months
BUD-KEF,53412,58385,2024,eurostat,KEF,IS_BIKF_HU_LHBP
BUD-LHR,340839,416274,2024,eurostat,BUD,HU_LHBP_UK_EGLL
BUD-LHR,333383,,2025,uk-caa,HEATHROW,2391
BUD-LIS,196471,213321,2024,eurostat,BUD,HU_LHBP_PT_LPPT
BUD-LIS,195906,212671,2024,eurostat,LIS,PT_LPPT_HU_LHBP
BUD-MAD,380381,420178,2024,eurostat,BUD,HU_LHBP_ES_LEMD
BUD-MAD,380608,423103,2024,eurostat,MAD,ES_LEMD_HU_LHBP
BUD-MAN,192671,208327,2024,eurostat,BUD,HU_LHBP_UK_EGCC
BUD-MAN,211780,,2025,uk-caa,MANCHESTER,2407
BUD-MUC,317532,403353,2024,eurostat,BUD,HU_LHBP_DE_EDDM
BUD-MUC,317606,389693,2024,eurostat,MUC,DE_EDDM_HU_LHBP
BUD-MXP,425516,502203,2024,eurostat,BUD,HU_LHBP_IT_LIMC
BUD-MXP,425606,502429,2024,eurostat,MXP,IT_LIMC_HU_LHBP
BUD-OSL,128342,147387,2024,eurostat,BUD,HU_LHBP_NO_ENGM
BUD-OSL,128252,148867,2024,eurostat,OSL,NO_ENGM_HU_LHBP
BUD-PRG,120458,132406,2024,eurostat,BUD,HU_LHBP_CZ_LKPR
BUD-PVG,140457,177423,2024,eurostat,BUD,HU_LHBP_CN_ZSPD
BUD-VIE,147318,223420,2024,eurostat,BUD,HU_LHBP_AT_LOWW
BUD-VIE,147208,215359,2024,eurostat,VIE,AT_LOWW_HU_LHBP
BUD-WAW,339312,430734,2024,eurostat,BUD,HU_LHBP_PL_EPWA
BUD-WAW,339352,419418,2024,eurostat,WAW,PL_EPWA_HU_LHBP
BUD-ZRH,247818,326430,2024,eurostat,BUD,HU_LHBP_CH_LSZH
BUD-ZRH,246728,309784,2024,eurostat,ZRH,CH_LSZH_HU_LHBP
BWN-LHR,25784,,2025,uk-caa,HEATHROW,2883
BWN-TPE,33257,46800,2025,tw-caa,TPE,53-1:295
CAI-CDG,404556,518220,2024,eurostat,CDG,FR_LFPG_EG_HECA
CAI-FCO,289189,408319,2024,eurostat,FCO,IT_LIRF_EG_HECA
CAI-FRA,305607,400633,2024,eurostat,FRA,DE_EDDF_EG_HECA
CAI-IAD,39329,57392,2025,us-bts,US DOT,CAI-IAD:CLASS=F:all months
CAI-IST,696059,874957,2024,eurostat,IST,TR_LTFM_EG_HECA
CAI-JFK,110972,156392,2025,us-bts,US DOT,CAI-JFK:CLASS=F:all months
CAI-LHR,565271,,2025,uk-caa,HEATHROW,2683
CAI-MAD,247602,315734,2024,eurostat,MAD,ES_LEMD_EG_HECA
CAI-MAN,102301,,2025,uk-caa,MANCHESTER,2706
CAI-MUC,172075,226418,2024,eurostat,MUC,DE_EDDM_EG_HECA
CAI-MXP,271672,365957,2024,eurostat,MXP,IT_LIMC_EG_HECA
CAI-VIE,172687,236671,2024,eurostat,VIE,AT_LOWW_EG_HECA
CAI-ZRH,88373,133634,2024,eurostat,ZRH,CH_LSZH_EG_HECA
CAN-CDG,163405,182136,2024,eurostat,CDG,FR_LFPG_CN_ZGGG
CAN-FCO,102975,121732,2024,eurostat,FCO,IT_LIRF_CN_ZGGG
CAN-IST,245525,312529,2024,eurostat,IST,TR_LTFM_CN_ZGGG
CAN-JFK,35883,37905,2025,us-bts,US DOT,CAN-JFK:CLASS=F:all months
CAN-LAX,176173,188442,2025,us-bts,US DOT,CAN-LAX:CLASS=F:all months
CAN-LHR,189947,,2025,uk-caa,HEATHROW,2894
CAN-SFO,67422,75449,2025,us-bts,US DOT,CAN-SFO:CLASS=F:all months
CAN-TPE,415242,496242,2025,tw-caa,TPE,53-1:468
CDG-CMN,536219,667326,2024,eurostat,CDG,FR_LFPG_MA_GMMN
CDG-CPH,835906,1033486,2024,eurostat,CDG,FR_LFPG_DK_EKCH
CDG-CPH,841212,1036217,2024,eurostat,CPH,DK_EKCH_FR_LFPG
CDG-CUN,157888,170531,2024,eurostat,CDG,FR_LFPG_MX_MMUN
CDG-DEL,499497,614767,2024,eurostat,CDG,FR_LFPG_IN_VIDP
CDG-DFW,318598,358396,2024,eurostat,CDG,FR_LFPG_US_KDFW
CDG-DFW,304602,346807,2025,us-bts,US DOT,CDG-DFW:CLASS=F:all months
CDG-DOH,795948,907207,2024,eurostat,CDG,FR_LFPG_QA_OTHH
CDG-DUB,692321,824660,2024,eurostat,CDG,FR_LFPG_IE_EIDW
CDG-DUS,254122,317932,2024,eurostat,CDG,FR_LFPG_DE_EDDL
CDG-DUS,254131,317839,2024,eurostat,DUS,DE_EDDL_FR_LFPG
CDG-DXB,1268474,1426498,2024,eurostat,CDG,FR_LFPG_AE_OMDB
CDG-EZE,191394,210288,2024,eurostat,CDG,FR_LFPG_AR_SAEZ
CDG-FCO,966175,1137800,2024,eurostat,CDG,FR_LFPG_IT_LIRF
CDG-FCO,968062,1174109,2024,eurostat,FCO,IT_LIRF_FR_LFPG
CDG-FRA,752494,1021719,2024,eurostat,CDG,FR_LFPG_DE_EDDF
CDG-FRA,741359,983157,2024,eurostat,FRA,DE_EDDF_FR_LFPG
CDG-GIG,259520,279249,2024,eurostat,CDG,FR_LFPG_BR_SBGL
CDG-GRU,608130,661057,2024,eurostat,CDG,FR_LFPG_BR_SBGR
CDG-GVA,558356,776144,2024,eurostat,CDG,FR_LFPG_CH_LSGG
CDG-GVA,557050,747827,2024,eurostat,GVA,CH_LSGG_FR_LFPG
CDG-HAN,174696,218594,2024,eurostat,CDG,FR_LFPG_VN_VVNB
CDG-HEL,462425,595699,2024,eurostat,CDG,FR_LFPG_FI_EFHK
CDG-HEL,464956,577893,2024,eurostat,HEL,FI_EFHK_FR_LFPG
CDG-HKG,381883,421514,2024,eurostat,CDG,FR_LFPG_HK_VHHH
CDG-IAD,510265,603755,2024,eurostat,CDG,FR_LFPG_US_KIAD
CDG-IAD,510664,639716,2025,us-bts,US DOT,CDG-IAD:CLASS=F:all months
CDG-IAH,169036,204683,2024,eurostat,CDG,FR_LFPG_US_KIAH
CDG-IAH,165670,206476,2025,us-bts,US DOT,CDG-IAH:CLASS=F:all months
CDG-ICN,619407,705574,2024,eurostat,CDG,FR_LFPG_KR_RKSI
CDG-IST,1011226,1193214,2024,eurostat,CDG,FR_LFPG_TR_LTFM
CDG-IST,1010252,1197781,2024,eurostat,IST,TR_LTFM_FR_LFPG
CDG-JED,190482,248557,2024,eurostat,CDG,FR_LFPG_SA_OEJN
CDG-JFK,1853571,2094185,2024,eurostat,CDG,FR_LFPG_US_KJFK
CDG-JFK,1743354,1978433,2025,us-bts,US DOT,CDG-JFK:CLASS=F:all months
CDG-JNB,245269,273629,2024,eurostat,CDG,FR_LFPG_ZA_FAOR
CDG-KEF,354053,436100,2024,eurostat,CDG,FR_LFPG_IS_BIKF
CDG-KEF,354758,434809,2024,eurostat,KEF,IS_BIKF_FR_LFPG
CDG-KIX,125690,134866,2024,eurostat,CDG,FR_LFPG_JP_RJBB
CDG-KWI,121600,199388,2024,eurostat,CDG,FR_LFPG_KW_OKKK
CDG-LAS,4920,5494,2025,us-bts,US DOT,CDG-LAS:CLASS=F:all months
CDG-LAX,912335,1021621,2024,eurostat,CDG,FR_LFPG_US_KLAX
CDG-LAX,964545,1086459,2025,us-bts,US DOT,CDG-LAX:CLASS=F:all months
CDG-LHR,1122742,1436942,2024,eurostat,CDG,FR_LFPG_UK_EGLL
CDG-LHR,1163733,,2025,uk-caa,HEATHROW,360
CDG-LIM,224763,234190,2024,eurostat,CDG,FR_LFPG_PE_SPJC
CDG-LIS,644412,728288,2024,eurostat,CDG,FR_LFPG_PT_LPPT
CDG-LIS,645418,732194,2024,eurostat,LIS,PT_LPPT_FR_LFPG
CDG-LOS,182261,223513,2024,eurostat,CDG,FR_LFPG_NG_DNMM
CDG-MAD,1052673,1207849,2024,eurostat,CDG,FR_LFPG_ES_LEMD
CDG-MAD,1058228,1204303,2024,eurostat,MAD,ES_LEMD_FR_LFPG
CDG-MAN,713143,833000,2024,eurostat,CDG,FR_LFPG_UK_EGCC
CDG-MAN,776762,,2025,uk-caa,MANCHESTER,637
CDG-MCT,100302,139215,2024,eurostat,CDG,FR_LFPG_OM_OOMS
CDG-MEX,587884,654926,2024,eurostat,CDG,FR_LFPG_MX_MMMX
CDG-MIA,394791,454858,2024,eurostat,CDG,FR_LFPG_US_KMIA
CDG-MIA,382770,436102,2025,us-bts,US DOT,CDG-MIA:CLASS=F:all months
CDG-MRU,480544,520219,2024,eurostat,CDG,FR_LFPG_MU_FIMP
CDG-MUC,830929,1026161,2024,eurostat,CDG,FR_LFPG_DE_EDDM
CDG-MUC,830637,987473,2024,eurostat,MUC,DE_EDDM_FR_LFPG
CDG-MXP,897240,1077746,2024,eurostat,CDG,FR_LFPG_IT_LIMC
CDG-MXP,898722,1076635,2024,eurostat,MXP,IT_LIMC_FR_LFPG
CDG-NBO,376713,430764,2024,eurostat,CDG,FR_LFPG_KE_HKJK
CDG-NRT,83298,95180,2024,eurostat,CDG,FR_LFPG_JP_RJAA
CDG-ORD,407541,469032,2024,eurostat,CDG,FR_LFPG_US_KORD
CDG-ORD,410744,476632,2025,us-bts,US DOT,CDG-ORD:CLASS=F:all months
CDG-OSL,520526,638019,2024,eurostat,CDG,FR_LFPG_NO_ENGM
CDG-OSL,521937,673001,2024,eurostat,OSL,NO_ENGM_FR_LFPG
CDG-PEK,534434,633775,2024,eurostat,CDG,FR_LFPG_CN_ZBAA
CDG-PRG,455676,609741,2024,eurostat,CDG,FR_LFPG_CZ_LKPR
CDG-PTY,131294,145470,2024,eurostat,CDG,FR_LFPG_PA_MPTO
CDG-PVG,571701,658486,2024,eurostat,CDG,FR_LFPG_CN_ZSPD
CDG-RAK,500777,573459,2024,eurostat,CDG,FR_LFPG_MA_GMMX
CDG-RUH,183188,241303,2024,eurostat,CDG,FR_LFPG_SA_OERK
CDG-SCL,213053,233835,2024,eurostat,CDG,FR_LFPG_CL_SCEL
CDG-SEA,319600,365728,2024,eurostat,CDG,FR_LFPG_US_KSEA
CDG-SEA,257940,297385,2025,us-bts,US DOT,CDG-SEA:CLASS=F:all months
CDG-SFO,383047,447385,2024,eurostat,CDG,FR_LFPG_US_KSFO
CDG-SFO,383079,460615,2025,us-bts,US DOT,CDG-SFO:CLASS=F:all months
CDG-SGN,190938,215531,2024,eurostat,CDG,FR_LFPG_VN_VVTS
CDG-SIN,584203,677141,2024,eurostat,CDG,FR_LFPG_SG_WSSS
CDG-TPE,220246,253767,2024,eurostat,CDG,FR_LFPG_TW_RCTP
CDG-VIE,719563,874053,2024,eurostat,CDG,FR_LFPG_AT_LOWW
CDG-VIE,721105,853824,2024,eurostat,VIE,AT_LOWW_FR_LFPG
CDG-WAW,536985,656708,2024,eurostat,CDG,FR_LFPG_PL_EPWA
CDG-WAW,539232,639242,2024,eurostat,WAW,PL_EPWA_FR_LFPG
CDG-YUL,1362065,1507473,2024,eurostat,CDG,FR_LFPG_CA_CYUL
CDG-YVR,173814,187727,2024,eurostat,CDG,FR_LFPG_CA_CYVR
CDG-YYC,183591,194647,2024,eurostat,CDG,FR_LFPG_CA_CYYC
CDG-YYZ,619504,682169,2024,eurostat,CDG,FR_LFPG_CA_CYYZ
CDG-ZAG,154428,197775,2024,eurostat,CDG,FR_LFPG_HR_LDZA
CDG-ZAG,154501,198045,2024,eurostat,ZAG,HR_LDZA_FR_LFPG
CDG-ZRH,560091,754184,2024,eurostat,CDG,FR_LFPG_CH_LSZH
CDG-ZRH,559957,710660,2024,eurostat,ZRH,CH_LSZH_FR_LFPG
CEB-TPE,345946,454644,2025,tw-caa,TPE,53-1:309
CGK-IST,268926,292481,2024,eurostat,IST,TR_LTFM_ID_WIII
CGK-TPE,428611,577524,2025,tw-caa,TPE,53-1:219
CHC-JFK,147,236,2025,us-bts,US DOT,CHC-JFK:CLASS=F:all months
CHC-SFO,19144,24375,2025,us-bts,US DOT,CHC-SFO:CLASS=F:all months
CJU-KHH,77816,92140,2025,tw-caa,KHH,53-2:98
CJU-RMQ,15914,18900,2025,tw-caa,RMQ,53-4:34
CJU-TPE,368819,419350,2025,tw-caa,TPE,53-1:263
CKG-KHH,12159,12324,2025,tw-caa,KHH,53-2:142
CKG-LHR,37479,,2025,uk-caa,HEATHROW,2893
CKG-SEA,18656,27156,2025,us-bts,US DOT,CKG-SEA:CLASS=F:all months
CKG-TPE,71902,87180,2025,tw-caa,TPE,53-1:449
CMB-IST,142565,179472,2024,eurostat,IST,TR_LTFM_LK_VCBI
CMB-LHR,218987,,2025,uk-caa,HEATHROW,2878
CMN-FCO,91185,124650,2024,eurostat,FCO,IT_LIRF_MA_GMMN
CMN-FRA,156019,203563,2024,eurostat,FRA,DE_EDDF_MA_GMMN
CMN-GVA,100959,151586,2024,eurostat,GVA,CH_LSGG_MA_GMMN
CMN-IAD,93026,127868,2025,us-bts,US DOT,CMN-IAD:CLASS=F:all months
CMN-IST,331266,419519,2024,eurostat,IST,TR_LTFM_MA_GMMN
CMN-JFK,217301,301396,2025,us-bts,US DOT,CMN-JFK:CLASS=F:all months
CMN-LHR,112043,,2025,uk-caa,HEATHROW,2720
CMN-LIS,179976,279817,2024,eurostat,LIS,PT_LPPT_MA_GMMN
CMN-MAD,249947,326517,2024,eurostat,MAD,ES_LEMD_MA_GMMN
CMN-MAN,32857,,2025,uk-caa,MANCHESTER,2751
CMN-MIA,62850,84248,2025,us-bts,US DOT,CMN-MIA:CLASS=F:all months
CMN-MXP,139155,194460,2024,eurostat,MXP,IT_LIMC_MA_GMMN
CNS-LAX,228,234,2025,us-bts,US DOT,CNS-LAX:CLASS=F:all months
CNX-KHH,14039,21473,2025,tw-caa,KHH,53-2:86
CNX-TPE,360930,440792,2025,tw-caa,TPE,53-1:205
CPH-DEL,99036,119643,2024,eurostat,CPH,DK_EKCH_IN_VIDP
CPH-DOH,367804,465027,2024,eurostat,CPH,DK_EKCH_QA_OTHH
CPH-DUB,280865,328275,2024,eurostat,CPH,DK_EKCH_IE_EIDW
CPH-DUS,252306,370113,2024,eurostat,CPH,DK_EKCH_DE_EDDL
CPH-DUS,250868,366030,2024,eurostat,DUS,DE_EDDL_DK_EKCH
CPH-DXB,261938,307414,2024,eurostat,CPH,DK_EKCH_AE_OMDB
CPH-FCO,391461,448863,2024,eurostat,CPH,DK_EKCH_IT_LIRF
CPH-FCO,391130,449080,2024,eurostat,FCO,IT_LIRF_DK_EKCH
CPH-FRA,532714,728046,2024,eurostat,CPH,DK_EKCH_DE_EDDF
CPH-FRA,529697,706592,2024,eurostat,FRA,DE_EDDF_DK_EKCH
CPH-GVA,311654,422533,2024,eurostat,CPH,DK_EKCH_CH_LSGG
CPH-GVA,309227,396686,2024,eurostat,GVA,CH_LSGG_DK_EKCH
CPH-HEL,606871,858640,2024,eurostat,CPH,DK_EKCH_FI_EFHK
CPH-HEL,607369,838789,2024,eurostat,HEL,FI_EFHK_DK_EKCH
CPH-IAD,123891,143838,2024,eurostat,CPH,DK_EKCH_US_KIAD
CPH-IAD,128562,158594,2025,us-bts,US DOT,CPH-IAD:CLASS=F:all months
CPH-IST,317179,421769,2024,eurostat,CPH,DK_EKCH_TR_LTFM
CPH-IST,313253,412467,2024,eurostat,IST,TR_LTFM_DK_EKCH
CPH-JFK,222468,265317,2024,eurostat,CPH,DK_EKCH_US_KJFK
CPH-JFK,207161,254272,2025,us-bts,US DOT,CPH-JFK:CLASS=F:all months
CPH-KEF,556908,641667,2024,eurostat,CPH,DK_EKCH_IS_BIKF
CPH-KEF,555821,634008,2024,eurostat,KEF,IS_BIKF_DK_EKCH
CPH-LAX,174662,204719,2024,eurostat,CPH,DK_EKCH_US_KLAX
CPH-LAX,174329,211650,2025,us-bts,US DOT,CPH-LAX:CLASS=F:all months
CPH-LHR,926274,1278962,2024,eurostat,CPH,DK_EKCH_UK_EGLL
CPH-LHR,959695,,2025,uk-caa,HEATHROW,210
CPH-LIS,269651,313498,2024,eurostat,CPH,DK_EKCH_PT_LPPT
CPH-LIS,269762,313432,2024,eurostat,LIS,PT_LPPT_DK_EKCH
CPH-MAD,258386,293402,2024,eurostat,CPH,DK_EKCH_ES_LEMD
CPH-MAD,265823,293459,2024,eurostat,MAD,ES_LEMD_DK_EKCH
CPH-MAN,431111,542765,2024,eurostat,CPH,DK_EKCH_UK_EGCC
CPH-MAN,437292,,2025,uk-caa,MANCHESTER,247
CPH-MIA,49867,57352,2025,us-bts,US DOT,CPH-MIA:CLASS=F:all months
CPH-MUC,494029,636017,2024,eurostat,CPH,DK_EKCH_DE_EDDM
CPH-MUC,490938,619989,2024,eurostat,MUC,DE_EDDM_DK_EKCH
CPH-MXP,386346,495456,2024,eurostat,CPH,DK_EKCH_IT_LIMC
CPH-MXP,381241,489303,2024,eurostat,MXP,IT_LIMC_DK_EKCH
CPH-ORD,136497,168869,2024,eurostat,CPH,DK_EKCH_US_KORD
CPH-ORD,120806,151973,2025,us-bts,US DOT,CPH-ORD:CLASS=F:all months
CPH-OSL,1376209,1900718,2024,eurostat,CPH,DK_EKCH_NO_ENGM
CPH-OSL,1358446,2007190,2024,eurostat,OSL,NO_ENGM_DK_EKCH
CPH-PEK,111073,146640,2024,eurostat,CPH,DK_EKCH_CN_ZBAA
CPH-PRG,267786,338139,2024,eurostat,CPH,DK_EKCH_CZ_LKPR
CPH-PVG,75252,96321,2024,eurostat,CPH,DK_EKCH_CN_ZSPD
CPH-SEA,44164,58553,2025,us-bts,US DOT,CPH-SEA:CLASS=F:all months
CPH-SFO,149141,175973,2024,eurostat,CPH,DK_EKCH_US_KSFO
CPH-SFO,142636,173320,2025,us-bts,US DOT,CPH-SFO:CLASS=F:all months
CPH-SIN,139854,159911,2024,eurostat,CPH,DK_EKCH_SG_WSSS
CPH-VIE,566674,768993,2024,eurostat,CPH,DK_EKCH_AT_LOWW
CPH-VIE,564771,756983,2024,eurostat,VIE,AT_LOWW_DK_EKCH
CPH-WAW,461210,588288,2024,eurostat,CPH,DK_EKCH_PL_EPWA
CPH-WAW,461356,582171,2024,eurostat,WAW,PL_EPWA_DK_EKCH
CPH-YYZ,144074,164810,2024,eurostat,CPH,DK_EKCH_CA_CYYZ
CPH-ZAG,66821,104595,2024,eurostat,ZAG,HR_LDZA_DK_EKCH
CPH-ZRH,444852,574793,2024,eurostat,CPH,DK_EKCH_CH_LSZH
CPH-ZRH,441231,553847,2024,eurostat,ZRH,CH_LSZH_DK_EKCH
CPT-FRA,222419,240852,2024,eurostat,FRA,DE_EDDF_ZA_FACT
CPT-IAD,67688,78385,2025,us-bts,US DOT,CPT-IAD:CLASS=F:all months
CPT-IST,201012,225438,2024,eurostat,IST,TR_LTFM_ZA_FACT
CPT-LHR,389546,,2025,uk-caa,HEATHROW,2801
CRK-GUM,141,166,2025,us-bts,US DOT,CRK-GUM:CLASS=F:all months
CRK-TPE,273120,382106,2025,tw-caa,TPE,53-1:335
CSX-LHR,31722,,2025,uk-caa,HEATHROW,2891
CTS-KHH,51762,57500,2025,tw-caa,KHH,53-2:29
CTS-SEA,280,281,2025,us-bts,US DOT,CTS-SEA:CLASS=F:all months
CTS-TPE,1075445,1279356,2025,tw-caa,TPE,53-1:42
CUN-DFW,1085217,1280008,2025,us-bts,US DOT,CUN-DFW:CLASS=F:all months
CUN-FRA,261801,292283,2024,eurostat,FRA,DE_EDDF_MX_MMUN
CUN-IAD,229549,270634,2025,us-bts,US DOT,CUN-IAD:CLASS=F:all months
CUN-IAH,726149,906312,2025,us-bts,US DOT,CUN-IAH:CLASS=F:all months
CUN-IST,136934,173132,2024,eurostat,IST,TR_LTFM_MX_MMUN
CUN-JFK,701495,807910,2025,us-bts,US DOT,CUN-JFK:CLASS=F:all months
CUN-LAS,178,194,2025,us-bts,US DOT,CUN-LAS:CLASS=F:all months
CUN-LAX,582896,667722,2025,us-bts,US DOT,CUN-LAX:CLASS=F:all months
CUN-LHR,13827,,2025,uk-caa,HEATHROW,3057
CUN-LIS,97908,113079,2024,eurostat,LIS,PT_LPPT_MX_MMUN
CUN-MAD,383570,409776,2024,eurostat,MAD,ES_LEMD_MX_MMUN
CUN-MAN,176175,,2025,uk-caa,MANCHESTER,3062
CUN-MIA,528988,660403,2025,us-bts,US DOT,CUN-MIA:CLASS=F:all months
CUN-ORD,761054,841787,2025,us-bts,US DOT,CUN-ORD:CLASS=F:all months
CUN-SEA,194189,224789,2025,us-bts,US DOT,CUN-SEA:CLASS=F:all months
CUN-SFO,274933,317737,2025,us-bts,US DOT,CUN-SFO:CLASS=F:all months
CXR-KHH,2976,4370,2025,tw-caa,KHH,53-2:103
CXR-TPE,29993,35810,2025,tw-caa,TPE,53-1:297
DAC-IST,159441,209254,2024,eurostat,IST,TR_LTFM_BD_VGHS
DAC-LHR,14695,,2025,uk-caa,HEATHROW,2849
DAC-MAN,37199,,2025,uk-caa,MANCHESTER,2851
DAD-KHH,92662,111122,2025,tw-caa,KHH,53-2:109
DAD-RMQ,59367,70036,2025,tw-caa,RMQ,53-4:39
DAD-TPE,493659,592360,2025,tw-caa,TPE,53-1:328
DEL-FCO,171942,207327,2024,eurostat,FCO,IT_LIRF_IN_VIDP
DEL-FRA,497781,596552,2024,eurostat,FRA,DE_EDDF_IN_VIDP
DEL-HEL,149790,198201,2024,eurostat,HEL,FI_EFHK_IN_VIDP
DEL-IAD,53023,71017,2025,us-bts,US DOT,DEL-IAD:CLASS=F:all months
DEL-IST,515686,650734,2024,eurostat,IST,TR_LTFM_IN_VIDP
DEL-JFK,336681,416523,2025,us-bts,US DOT,DEL-JFK:CLASS=F:all months
DEL-LHR,1525729,,2025,uk-caa,HEATHROW,2862
DEL-MAN,13505,,2025,uk-caa,MANCHESTER,2869
DEL-MUC,260501,310750,2024,eurostat,MUC,DE_EDDM_IN_VIDP
DEL-MXP,132963,159600,2024,eurostat,MXP,IT_LIMC_IN_VIDP
DEL-ORD,133947,170014,2025,us-bts,US DOT,DEL-ORD:CLASS=F:all months
DEL-SFO,202251,257211,2025,us-bts,US DOT,DEL-SFO:CLASS=F:all months
DEL-WAW,109494,129024,2024,eurostat,WAW,PL_EPWA_IN_VIDP
DEL-ZRH,197738,229656,2024,eurostat,ZRH,CH_LSZH_IN_VIDP
DFW-DOH,433719,458408,2025,us-bts,US DOT,DFW-DOH:CLASS=F:all months
DFW-DUB,116383,133362,2025,us-bts,US DOT,DFW-DUB:CLASS=F:all months
DFW-DXB,200315,258420,2025,us-bts,US DOT,DFW-DXB:CLASS=F:all months
DFW-EZE,68180,79437,2025,us-bts,US DOT,DFW-EZE:CLASS=F:all months
DFW-FCO,185606,205801,2024,eurostat,FCO,IT_LIRF_US_KDFW
DFW-FCO,135847,147251,2025,us-bts,US DOT,DFW-FCO:CLASS=F:all months
DFW-FRA,294939,356140,2024,eurostat,FRA,DE_EDDF_US_KDFW
DFW-FRA,267911,328993,2025,us-bts,US DOT,DFW-FRA:CLASS=F:all months
DFW-GIG,30416,35404,2025,us-bts,US DOT,DFW-GIG:CLASS=F:all months
DFW-GRU,181613,207512,2025,us-bts,US DOT,DFW-GRU:CLASS=F:all months
DFW-HEL,114659,145271,2024,eurostat,HEL,FI_EFHK_US_KDFW
DFW-HEL,150085,209171,2025,us-bts,US DOT,DFW-HEL:CLASS=F:all months
DFW-HKG,102773,114562,2025,us-bts,US DOT,DFW-HKG:CLASS=F:all months
DFW-ICN,341751,395474,2025,us-bts,US DOT,DFW-ICN:CLASS=F:all months
DFW-IST,212569,251807,2024,eurostat,IST,TR_LTFM_US_KDFW
DFW-IST,242798,292728,2025,us-bts,US DOT,DFW-IST:CLASS=F:all months
DFW-LHR,854580,,2025,uk-caa,HEATHROW,2977
DFW-LHR,824445,1021840,2025,us-bts,US DOT,DFW-LHR:CLASS=F:all months
DFW-MAD,337899,381928,2024,eurostat,MAD,ES_LEMD_US_KDFW
DFW-MAD,313182,363935,2025,us-bts,US DOT,DFW-MAD:CLASS=F:all months
DFW-MEL,75571,92025,2025,us-bts,US DOT,DFW-MEL:CLASS=F:all months
DFW-MEX,634984,784613,2025,us-bts,US DOT,DFW-MEX:CLASS=F:all months
DFW-MUC,269,276,2025,us-bts,US DOT,DFW-MUC:CLASS=F:all months
DFW-NAN,68384,113226,2025,us-bts,US DOT,DFW-NAN:CLASS=F:all months
DFW-NRT,162354,192175,2025,us-bts,US DOT,DFW-NRT:CLASS=F:all months
DFW-OOL,222,243,2025,us-bts,US DOT,DFW-OOL:CLASS=F:all months
DFW-PTY,102,179,2025,us-bts,US DOT,DFW-PTY:CLASS=F:all months
DFW-PVG,160160,190767,2025,us-bts,US DOT,DFW-PVG:CLASS=F:all months
DFW-SCL,57032,71970,2025,us-bts,US DOT,DFW-SCL:CLASS=F:all months
DFW-SYD,156511,189907,2025,us-bts,US DOT,DFW-SYD:CLASS=F:all months
DFW-TPE,22296,31248,2025,tw-caa,TPE,53-1:210
DFW-TPE,22407,30929,2025,us-bts,US DOT,DFW-TPE:CLASS=F:all months
DFW-YUL,112643,144029,2025,us-bts,US DOT,DFW-YUL:CLASS=F:all months
DFW-YVR,257345,300542,2025,us-bts,US DOT,DFW-YVR:CLASS=F:all months
DFW-YYC,201124,232176,2025,us-bts,US DOT,DFW-YYC:CLASS=F:all months
DFW-YYZ,376973,479469,2025,us-bts,US DOT,DFW-YYZ:CLASS=F:all months
DOH-FCO,503125,611480,2024,eurostat,FCO,IT_LIRF_QA_OTHH
DOH-GVA,155732,228792,2024,eurostat,GVA,CH_LSGG_QA_OTHH
DOH-HEL,165896,201568,2024,eurostat,HEL,FI_EFHK_QA_OTHH
DOH-IAD,350293,383538,2025,us-bts,US DOT,DOH-IAD:CLASS=F:all months
DOH-IAH,213620,235168,2025,us-bts,US DOT,DOH-IAH:CLASS=F:all months
DOH-IST,533082,737047,2024,eurostat,IST,TR_LTFM_QA_OTHH
DOH-JFK,590115,645583,2025,us-bts,US DOT,DOH-JFK:CLASS=F:all months
DOH-LAS,100,319,2025,us-bts,US DOT,DOH-LAS:CLASS=F:all months
DOH-LAX,220739,243514,2025,us-bts,US DOT,DOH-LAX:CLASS=F:all months
DOH-LHR,2150321,,2025,uk-caa,HEATHROW,2816
DOH-LIS,81240,91527,2024,eurostat,LIS,PT_LPPT_QA_OTHH
DOH-MAD,617069,705194,2024,eurostat,MAD,ES_LEMD_QA_OTHH
DOH-MAN,722508,,2025,uk-caa,MANCHESTER,2819
DOH-MIA,320639,357132,2025,us-bts,US DOT,DOH-MIA:CLASS=F:all months
DOH-MXP,539519,630645,2024,eurostat,MXP,IT_LIMC_QA_OTHH
DOH-ORD,243596,258888,2025,us-bts,US DOT,DOH-ORD:CLASS=F:all months
DOH-OSL,285721,453139,2024,eurostat,OSL,NO_ENGM_QA_OTHH
DOH-SEA,230506,259906,2025,us-bts,US DOT,DOH-SEA:CLASS=F:all months
DOH-SFO,215894,240396,2025,us-bts,US DOT,DOH-SFO:CLASS=F:all months
DOH-VIE,285852,345397,2024,eurostat,VIE,AT_LOWW_QA_OTHH
DOH-WAW,265906,302906,2024,eurostat,WAW,PL_EPWA_QA_OTHH
DOH-ZAG,120456,149788,2024,eurostat,ZAG,HR_LDZA_QA_OTHH
DOH-ZRH,338852,403123,2024,eurostat,ZRH,CH_LSZH_QA_OTHH
DPS-IST,172846,180950,2024,eurostat,IST,TR_LTFM_ID_WADD
DPS-TPE,384536,459317,2025,tw-caa,TPE,53-1:306
DUB-DUS,233140,279381,2024,eurostat,DUS,DE_EDDL_IE_EIDW
DUB-FCO,502913,558910,2024,eurostat,FCO,IT_LIRF_IE_EIDW
DUB-FRA,552938,649028,2024,eurostat,FRA,DE_EDDF_IE_EIDW
DUB-GVA,154277,184190,2024,eurostat,GVA,CH_LSGG_IE_EIDW
DUB-HEL,95121,124440,2024,eurostat,HEL,FI_EFHK_IE_EIDW
DUB-IAD,308999,423991,2025,us-bts,US DOT,DUB-IAD:CLASS=F:all months
DUB-IST,259718,332363,2024,eurostat,IST,TR_LTFM_IE_EIDW
DUB-JFK,573269,681336,2025,us-bts,US DOT,DUB-JFK:CLASS=F:all months
DUB-KEF,194845,244153,2024,eurostat,KEF,IS_BIKF_IE_EIDW
DUB-LAS,33466,47063,2025,us-bts,US DOT,DUB-LAS:CLASS=F:all months
DUB-LAX,146088,198349,2025,us-bts,US DOT,DUB-LAX:CLASS=F:all months
DUB-LHR,1823582,,2025,uk-caa,HEATHROW,1041
DUB-LIS,543545,602451,2024,eurostat,LIS,PT_LPPT_IE_EIDW
DUB-MAD,600999,667906,2024,eurostat,MAD,ES_LEMD_IE_EIDW
DUB-MAN,1145530,,2025,uk-caa,MANCHESTER,1105
DUB-MIA,28826,41726,2025,us-bts,US DOT,DUB-MIA:CLASS=F:all months
DUB-MUC,383654,451542,2024,eurostat,MUC,DE_EDDM_IE_EIDW
DUB-MXP,163116,181335,2024,eurostat,MXP,IT_LIMC_IE_EIDW
DUB-ORD,470721,597303,2025,us-bts,US DOT,DUB-ORD:CLASS=F:all months
DUB-OSL,122508,156525,2024,eurostat,OSL,NO_ENGM_IE_EIDW
DUB-SEA,113694,151953,2025,us-bts,US DOT,DUB-SEA:CLASS=F:all months
DUB-SFO,154817,209441,2025,us-bts,US DOT,DUB-SFO:CLASS=F:all months
DUB-VIE,220825,242437,2024,eurostat,VIE,AT_LOWW_IE_EIDW
DUB-ZAG,80987,85096,2024,eurostat,ZAG,HR_LDZA_IE_EIDW
DUB-ZRH,343785,402289,2024,eurostat,ZRH,CH_LSZH_IE_EIDW
DUS-DXB,580488,708102,2024,eurostat,DUS,DE_EDDL_AE_OMDB
DUS-FCO,131395,158456,2024,eurostat,DUS,DE_EDDL_IT_LIRF
DUS-FCO,131420,158676,2024,eurostat,FCO,IT_LIRF_DE_EDDL
DUS-FRA,290502,417022,2024,eurostat,DUS,DE_EDDL_DE_EDDF
DUS-FRA,290720,417379,2024,eurostat,FRA,DE_EDDF_DE_EDDL
DUS-HEL,135400,215299,2024,eurostat,DUS,DE_EDDL_FI_EFHK
DUS-HEL,136490,216844,2024,eurostat,HEL,FI_EFHK_DE_EDDL
DUS-IST,554709,682987,2024,eurostat,DUS,DE_EDDL_TR_LTFM
DUS-IST,554644,685735,2024,eurostat,IST,TR_LTFM_DE_EDDL
DUS-JFK,3027,3100,2025,us-bts,US DOT,DUS-JFK:CLASS=F:all months
DUS-LAS,206,283,2025,us-bts,US DOT,DUS-LAS:CLASS=F:all months
DUS-LHR,618046,811929,2024,eurostat,DUS,DE_EDDL_UK_EGLL
DUS-LHR,649717,,2025,uk-caa,HEATHROW,679
DUS-LIS,239183,275681,2024,eurostat,DUS,DE_EDDL_PT_LPPT
DUS-LIS,241090,278846,2024,eurostat,LIS,PT_LPPT_DE_EDDL
DUS-MAD,359799,404587,2024,eurostat,DUS,DE_EDDL_ES_LEMD
DUS-MAD,361491,418743,2024,eurostat,MAD,ES_LEMD_DE_EDDL
DUS-MAN,134071,218729,2024,eurostat,DUS,DE_EDDL_UK_EGCC
DUS-MAN,139898,,2025,uk-caa,MANCHESTER,811
DUS-MUC,913854,1251150,2024,eurostat,DUS,DE_EDDL_DE_EDDM
DUS-MUC,913578,1250433,2024,eurostat,MUC,DE_EDDM_DE_EDDL
DUS-MXP,126558,206942,2024,eurostat,DUS,DE_EDDL_IT_LIMC
DUS-MXP,127102,215230,2024,eurostat,MXP,IT_LIMC_DE_EDDL
DUS-OSL,161487,220478,2024,eurostat,DUS,DE_EDDL_NO_ENGM
DUS-OSL,161837,230928,2024,eurostat,OSL,NO_ENGM_DE_EDDL
DUS-PRG,118289,171489,2024,eurostat,DUS,DE_EDDL_CZ_LKPR
DUS-VIE,524874,703278,2024,eurostat,DUS,DE_EDDL_AT_LOWW
DUS-VIE,525819,699306,2024,eurostat,VIE,AT_LOWW_DE_EDDL
DUS-WAW,176476,229708,2024,eurostat,DUS,DE_EDDL_PL_EPWA
DUS-WAW,177222,229510,2024,eurostat,WAW,PL_EPWA_DE_EDDL
DUS-ZAG,22546,29413,2024,eurostat,ZAG,HR_LDZA_DE_EDDL
DUS-ZRH,467057,634002,2024,eurostat,DUS,DE_EDDL_CH_LSZH
DUS-ZRH,466362,634121,2024,eurostat,ZRH,CH_LSZH_DE_EDDL
DXB-FCO,558002,715505,2024,eurostat,FCO,IT_LIRF_AE_OMDB
DXB-FRA,938655,1085015,2024,eurostat,FRA,DE_EDDF_AE_OMDB
DXB-GVA,315237,458750,2024,eurostat,GVA,CH_LSGG_AE_OMDB
DXB-IAD,260104,378870,2025,us-bts,US DOT,DXB-IAD:CLASS=F:all months
DXB-IAH,251855,378870,2025,us-bts,US DOT,DXB-IAH:CLASS=F:all months
DXB-IST,1430671,2039276,2024,eurostat,IST,TR_LTFM_AE_OMDB
DXB-JFK,572191,710286,2025,us-bts,US DOT,DXB-JFK:CLASS=F:all months
DXB-LAX,259219,367149,2025,us-bts,US DOT,DXB-LAX:CLASS=F:all months
DXB-LHR,2539946,,2025,uk-caa,HEATHROW,2834
DXB-LIS,448150,530367,2024,eurostat,LIS,PT_LPPT_AE_OMDB
DXB-MAD,478826,568136,2024,eurostat,MAD,ES_LEMD_AE_OMDB
DXB-MAN,1075945,,2025,uk-caa,MANCHESTER,2846
DXB-MIA,170325,258420,2025,us-bts,US DOT,DXB-MIA:CLASS=F:all months
DXB-MUC,666924,812521,2024,eurostat,MUC,DE_EDDM_AE_OMDB
DXB-MXP,594750,734924,2024,eurostat,MXP,IT_LIMC_AE_OMDB
DXB-ORD,206464,258066,2025,us-bts,US DOT,DXB-ORD:CLASS=F:all months
DXB-OSL,199484,398903,2024,eurostat,OSL,NO_ENGM_AE_OMDB
DXB-SEA,184484,258420,2025,us-bts,US DOT,DXB-SEA:CLASS=F:all months
DXB-SFO,294923,378870,2025,us-bts,US DOT,DXB-SFO:CLASS=F:all months
DXB-TPE,389201,506984,2025,tw-caa,TPE,53-1:379
DXB-VIE,468832,633153,2024,eurostat,VIE,AT_LOWW_AE_OMDB
DXB-WAW,401160,472328,2024,eurostat,WAW,PL_EPWA_AE_OMDB
DXB-ZAG,83475,116191,2024,eurostat,ZAG,HR_LDZA_AE_OMDB
DXB-ZRH,660510,821353,2024,eurostat,ZRH,CH_LSZH_AE_OMDB
EZE-FCO,360446,410460,2024,eurostat,FCO,IT_LIRF_AR_SAEZ
EZE-FRA,226488,254170,2024,eurostat,FRA,DE_EDDF_AR_SAEZ
EZE-IAH,231934,277072,2025,us-bts,US DOT,EZE-IAH:CLASS=F:all months
EZE-JFK,251340,291866,2025,us-bts,US DOT,EZE-JFK:CLASS=F:all months
EZE-LHR,87027,,2025,uk-caa,HEATHROW,3065
EZE-MAD,1077881,1177475,2024,eurostat,MAD,ES_LEMD_AR_SAEZ
EZE-MIA,716301,833594,2025,us-bts,US DOT,EZE-MIA:CLASS=F:all months
FCO-FRA,595546,771029,2024,eurostat,FCO,IT_LIRF_DE_EDDF
FCO-FRA,593776,740606,2024,eurostat,FRA,DE_EDDF_IT_LIRF
FCO-GIG,184972,210329,2024,eurostat,FCO,IT_LIRF_BR_SBGL
FCO-GRU,524410,602768,2024,eurostat,FCO,IT_LIRF_BR_SBGR
FCO-GVA,317656,404257,2024,eurostat,FCO,IT_LIRF_CH_LSGG
FCO-GVA,314872,380320,2024,eurostat,GVA,CH_LSGG_IT_LIRF
FCO-HEL,193293,252980,2024,eurostat,FCO,IT_LIRF_FI_EFHK
FCO-HEL,194297,242923,2024,eurostat,HEL,FI_EFHK_IT_LIRF
FCO-IAD,348912,420159,2024,eurostat,FCO,IT_LIRF_US_KIAD
FCO-IAD,256326,308972,2025,us-bts,US DOT,FCO-IAD:CLASS=F:all months
FCO-ICN,321070,365302,2024,eurostat,FCO,IT_LIRF_KR_RKSI
FCO-IST,678784,865213,2024,eurostat,FCO,IT_LIRF_TR_LTFM
FCO-IST,505489,607140,2024,eurostat,IST,TR_LTFM_IT_LIRF
FCO-JED,148640,186130,2024,eurostat,FCO,IT_LIRF_SA_OEJN
FCO-JFK,1141784,1320754,2024,eurostat,FCO,IT_LIRF_US_KJFK
FCO-JFK,1054094,1204377,2025,us-bts,US DOT,FCO-JFK:CLASS=F:all months
FCO-KEF,103138,120435,2024,eurostat,FCO,IT_LIRF_IS_BIKF
FCO-KEF,103312,120312,2024,eurostat,KEF,IS_BIKF_IT_LIRF
FCO-LAX,134865,164159,2024,eurostat,FCO,IT_LIRF_US_KLAX
FCO-LAX,223885,267820,2025,us-bts,US DOT,FCO-LAX:CLASS=F:all months
FCO-LHR,729334,921344,2024,eurostat,FCO,IT_LIRF_UK_EGLL
FCO-LHR,784042,,2025,uk-caa,HEATHROW,1151
FCO-LIS,653035,802125,2024,eurostat,FCO,IT_LIRF_PT_LPPT
FCO-LIS,653778,802147,2024,eurostat,LIS,PT_LPPT_IT_LIRF
FCO-MAD,2008881,2403145,2024,eurostat,FCO,IT_LIRF_ES_LEMD
FCO-MAD,1979946,2284820,2024,eurostat,MAD,ES_LEMD_IT_LIRF
FCO-MAN,122300,138755,2024,eurostat,FCO,IT_LIRF_UK_EGCC
FCO-MAN,127069,,2025,uk-caa,MANCHESTER,1355
FCO-MEX,132561,146715,2024,eurostat,FCO,IT_LIRF_MX_MMMX
FCO-MIA,189717,218989,2024,eurostat,FCO,IT_LIRF_US_KMIA
FCO-MIA,254814,290561,2025,us-bts,US DOT,FCO-MIA:CLASS=F:all months
FCO-MUC,618405,781873,2024,eurostat,FCO,IT_LIRF_DE_EDDM
FCO-MUC,617840,756899,2024,eurostat,MUC,DE_EDDM_IT_LIRF
FCO-MXP,86665,223653,2024,eurostat,FCO,IT_LIRF_IT_LIMC
FCO-MXP,83683,217282,2024,eurostat,MXP,IT_LIMC_IT_LIRF
FCO-ORD,359099,413114,2024,eurostat,FCO,IT_LIRF_US_KORD
FCO-ORD,289807,329628,2025,us-bts,US DOT,FCO-ORD:CLASS=F:all months
FCO-OSL,175026,206368,2024,eurostat,FCO,IT_LIRF_NO_ENGM
FCO-OSL,174506,212563,2024,eurostat,OSL,NO_ENGM_IT_LIRF
FCO-PEK,187430,239138,2024,eurostat,FCO,IT_LIRF_CN_ZBAA
FCO-PRG,485396,556340,2024,eurostat,FCO,IT_LIRF_CZ_LKPR
FCO-PVG,170034,210976,2024,eurostat,FCO,IT_LIRF_CN_ZSPD
FCO-RUH,118915,162353,2024,eurostat,FCO,IT_LIRF_SA_OERK
FCO-SFO,181255,227260,2024,eurostat,FCO,IT_LIRF_US_KSFO
FCO-SFO,182635,228105,2025,us-bts,US DOT,FCO-SFO:CLASS=F:all months
FCO-SIN,81337,99429,2024,eurostat,FCO,IT_LIRF_SG_WSSS
FCO-TPE,71632,89046,2025,tw-caa,TPE,53-1:352
FCO-VIE,614833,725309,2024,eurostat,FCO,IT_LIRF_AT_LOWW
FCO-VIE,614848,716828,2024,eurostat,VIE,AT_LOWW_IT_LIRF
FCO-WAW,407935,480856,2024,eurostat,FCO,IT_LIRF_PL_EPWA
FCO-WAW,408886,477706,2024,eurostat,WAW,PL_EPWA_IT_LIRF
FCO-YUL,312226,357112,2024,eurostat,FCO,IT_LIRF_CA_CYUL
FCO-YYC,120628,129346,2024,eurostat,FCO,IT_LIRF_CA_CYYC
FCO-YYZ,505272,570779,2024,eurostat,FCO,IT_LIRF_CA_CYYZ
FCO-ZAG,64048,73678,2024,eurostat,ZAG,HR_LDZA_IT_LIRF
FCO-ZRH,465513,612901,2024,eurostat,FCO,IT_LIRF_CH_LSZH
FCO-ZRH,461963,581645,2024,eurostat,ZRH,CH_LSZH_IT_LIRF
FOC-JFK,53875,60270,2025,us-bts,US DOT,FOC-JFK:CLASS=F:all months
FOC-KHH,15416,18986,2025,tw-caa,KHH,53-2:134
FOC-TPE,105222,123138,2025,tw-caa,TPE,53-1:434
FRA-GIG,117557,131271,2024,eurostat,FRA,DE_EDDF_BR_SBGL
FRA-GRU,506532,559022,2024,eurostat,FRA,DE_EDDF_BR_SBGR
FRA-GVA,347371,480106,2024,eurostat,FRA,DE_EDDF_CH_LSGG
FRA-GVA,347554,478271,2024,eurostat,GVA,CH_LSGG_DE_EDDF
FRA-HAN,170273,199939,2024,eurostat,FRA,DE_EDDF_VN_VVNB
FRA-HEL,472396,576296,2024,eurostat,FRA,DE_EDDF_FI_EFHK
FRA-HEL,474248,577286,2024,eurostat,HEL,FI_EFHK_DE_EDDF
FRA-HKG,375984,416374,2024,eurostat,FRA,DE_EDDF_HK_VHHH
FRA-IAD,626581,739304,2024,eurostat,FRA,DE_EDDF_US_KIAD
FRA-IAD,637990,775334,2025,us-bts,US DOT,FRA-IAD:CLASS=F:all months
FRA-IAH,369654,422380,2024,eurostat,FRA,DE_EDDF_US_KIAH
FRA-IAH,369091,423451,2025,us-bts,US DOT,FRA-IAH:CLASS=F:all months
FRA-ICN,544521,641586,2024,eurostat,FRA,DE_EDDF_KR_RKSI
FRA-IST,843121,1012754,2024,eurostat,FRA,DE_EDDF_TR_LTFM
FRA-IST,844874,1025869,2024,eurostat,IST,TR_LTFM_DE_EDDF
FRA-JFK,763152,925291,2024,eurostat,FRA,DE_EDDF_US_KJFK
FRA-JFK,671992,858403,2025,us-bts,US DOT,FRA-JFK:CLASS=F:all months
FRA-JNB,264589,293745,2024,eurostat,FRA,DE_EDDF_ZA_FAOR
FRA-KEF,250993,293828,2024,eurostat,FRA,DE_EDDF_IS_BIKF
FRA-KEF,248169,295437,2024,eurostat,KEF,IS_BIKF_DE_EDDF
FRA-KWI,105965,167063,2024,eurostat,FRA,DE_EDDF_KW_OKKK
FRA-LAS,113068,131525,2024,eurostat,FRA,DE_EDDF_US_KLAS
FRA-LAS,117285,140856,2025,us-bts,US DOT,FRA-LAS:CLASS=F:all months
FRA-LAX,386308,420894,2024,eurostat,FRA,DE_EDDF_US_KLAX
FRA-LAX,378374,440384,2025,us-bts,US DOT,FRA-LAX:CLASS=F:all months
FRA-LHR,1411703,1842548,2024,eurostat,FRA,DE_EDDF_UK_EGLL
FRA-LHR,1379388,,2025,uk-caa,HEATHROW,680
FRA-LIS,730368,824646,2024,eurostat,FRA,DE_EDDF_PT_LPPT
FRA-LIS,733484,857570,2024,eurostat,LIS,PT_LPPT_DE_EDDF
FRA-LOS,98336,125282,2024,eurostat,FRA,DE_EDDF_NG_DNMM
FRA-MAA,128690,151518,2024,eurostat,FRA,DE_EDDF_IN_VOMM
FRA-MAD,905815,1002434,2024,eurostat,FRA,DE_EDDF_ES_LEMD
FRA-MAD,908421,1029387,2024,eurostat,MAD,ES_LEMD_DE_EDDF
FRA-MAN,367326,460335,2024,eurostat,FRA,DE_EDDF_UK_EGCC
FRA-MAN,349350,,2025,uk-caa,MANCHESTER,812
FRA-MCT,89971,142186,2024,eurostat,FRA,DE_EDDF_OM_OOMS
FRA-MEX,228777,256331,2024,eurostat,FRA,DE_EDDF_MX_MMMX
FRA-MIA,300194,332373,2024,eurostat,FRA,DE_EDDF_US_KMIA
FRA-MIA,297468,351888,2025,us-bts,US DOT,FRA-MIA:CLASS=F:all months
FRA-MLE,93403,108622,2024,eurostat,FRA,DE_EDDF_MV_VRMM
FRA-MRU,140396,157327,2024,eurostat,FRA,DE_EDDF_MU_FIMP
FRA-MUC,1020262,1329842,2024,eurostat,FRA,DE_EDDF_DE_EDDM
FRA-MUC,1019486,1330866,2024,eurostat,MUC,DE_EDDM_DE_EDDF
FRA-MXP,319420,446426,2024,eurostat,FRA,DE_EDDF_IT_LIMC
FRA-MXP,320264,474799,2024,eurostat,MXP,IT_LIMC_DE_EDDF
FRA-NBO,130344,149287,2024,eurostat,FRA,DE_EDDF_KE_HKJK
FRA-NRT,112854,142085,2024,eurostat,FRA,DE_EDDF_JP_RJAA
FRA-ORD,692711,833283,2024,eurostat,FRA,DE_EDDF_US_KORD
FRA-ORD,707240,848536,2025,us-bts,US DOT,FRA-ORD:CLASS=F:all months
FRA-OSL,440828,544998,2024,eurostat,FRA,DE_EDDF_NO_ENGM
FRA-OSL,441910,608201,2024,eurostat,OSL,NO_ENGM_DE_EDDF
FRA-PEK,515192,646716,2024,eurostat,FRA,DE_EDDF_CN_ZBAA
FRA-PRG,438753,532461,2024,eurostat,FRA,DE_EDDF_CZ_LKPR
FRA-PVG,592528,768157,2024,eurostat,FRA,DE_EDDF_CN_ZSPD
FRA-RUH,166331,213111,2024,eurostat,FRA,DE_EDDF_SA_OERK
FRA-SEA,282492,325277,2024,eurostat,FRA,DE_EDDF_US_KSEA
FRA-SEA,266917,336363,2025,us-bts,US DOT,FRA-SEA:CLASS=F:all months
FRA-SFO,663490,778973,2024,eurostat,FRA,DE_EDDF_US_KSFO
FRA-SFO,653955,776892,2025,us-bts,US DOT,FRA-SFO:CLASS=F:all months
FRA-SGN,111497,136245,2024,eurostat,FRA,DE_EDDF_VN_VVTS
FRA-SIN,647001,776535,2024,eurostat,FRA,DE_EDDF_SG_WSSS
FRA-TPE,190233,249012,2024,eurostat,FRA,DE_EDDF_TW_RCTP
FRA-TPE,181859,221672,2025,tw-caa,TPE,53-1:124
FRA-UBN,85141,120832,2024,eurostat,FRA,DE_EDDF_MN_ZMCK
FRA-VIE,1032581,1441052,2024,eurostat,FRA,DE_EDDF_AT_LOWW
FRA-VIE,1033867,1421247,2024,eurostat,VIE,AT_LOWW_DE_EDDF
FRA-WAW,526956,654225,2024,eurostat,FRA,DE_EDDF_PL_EPWA
FRA-WAW,529482,653667,2024,eurostat,WAW,PL_EPWA_DE_EDDF
FRA-YUL,340883,393563,2024,eurostat,FRA,DE_EDDF_CA_CYUL
FRA-YVR,378210,413557,2024,eurostat,FRA,DE_EDDF_CA_CYVR
FRA-YYC,231739,277313,2024,eurostat,FRA,DE_EDDF_CA_CYYC
FRA-YYZ,751168,842552,2024,eurostat,FRA,DE_EDDF_CA_CYYZ
FRA-ZAG,295602,393159,2024,eurostat,FRA,DE_EDDF_HR_LDZA
FRA-ZAG,295440,415068,2024,eurostat,ZAG,HR_LDZA_DE_EDDF
FRA-ZRH,611906,781113,2024,eurostat,FRA,DE_EDDF_CH_LSZH
FRA-ZRH,610829,783018,2024,eurostat,ZRH,CH_LSZH_DE_EDDF
FUK-HNL,55150,77006,2025,us-bts,US DOT,FUK-HNL:CLASS=F:all months
FUK-KHH,172363,199896,2025,tw-caa,KHH,53-2:90
FUK-TPE,1134359,1260554,2025,tw-caa,TPE,53-1:244
GIG-IAH,123249,145932,2025,us-bts,US DOT,GIG-IAH:CLASS=F:all months
GIG-JFK,104711,120673,2025,us-bts,US DOT,GIG-JFK:CLASS=F:all months
GIG-LHR,110860,,2025,uk-caa,HEATHROW,3068
GIG-LIS,319036,356055,2024,eurostat,LIS,PT_LPPT_BR_SBGL
GIG-MAD,124041,136359,2024,eurostat,MAD,ES_LEMD_BR_SBGL
GIG-MIA,213701,230871,2025,us-bts,US DOT,GIG-MIA:CLASS=F:all months
GRU-IAD,133264,165868,2025,us-bts,US DOT,GRU-IAD:CLASS=F:all months
GRU-IAH,164577,186475,2025,us-bts,US DOT,GRU-IAH:CLASS=F:all months
GRU-IST,267819,376222,2024,eurostat,IST,TR_LTFM_BR_SBGR
GRU-JFK,536078,615353,2025,us-bts,US DOT,GRU-JFK:CLASS=F:all months
GRU-LAX,110951,124200,2025,us-bts,US DOT,GRU-LAX:CLASS=F:all months
GRU-LHR,517683,,2025,uk-caa,HEATHROW,3069
GRU-LIS,865590,951977,2024,eurostat,LIS,PT_LPPT_BR_SBGR
GRU-MAD,791601,873030,2024,eurostat,MAD,ES_LEMD_BR_SBGR
GRU-MIA,849862,971876,2025,us-bts,US DOT,GRU-MIA:CLASS=F:all months
GRU-MXP,205250,219703,2024,eurostat,MXP,IT_LIMC_BR_SBGR
GRU-ORD,196470,231382,2025,us-bts,US DOT,GRU-ORD:CLASS=F:all months
GRU-ZRH,158073,168974,2024,eurostat,ZRH,CH_LSZH_BR_SBGR
GUM-ICN,402374,564974,2025,us-bts,US DOT,GUM-ICN:CLASS=F:all months
GUM-KIX,95931,130310,2025,us-bts,US DOT,GUM-KIX:CLASS=F:all months
GUM-MNL,196079,241786,2025,us-bts,US DOT,GUM-MNL:CLASS=F:all months
GUM-NGO,54193,88976,2025,us-bts,US DOT,GUM-NGO:CLASS=F:all months
GUM-NRT,402959,511134,2025,us-bts,US DOT,GUM-NRT:CLASS=F:all months
GUM-PUS,107841,181020,2025,us-bts,US DOT,GUM-PUS:CLASS=F:all months
GUM-TPE,23485,30668,2025,tw-caa,TPE,53-1:276
GUM-TPE,22208,31159,2025,us-bts,US DOT,GUM-TPE:CLASS=F:all months
GVA-HEL,79558,114989,2024,eurostat,GVA,CH_LSGG_FI_EFHK
GVA-HEL,80228,118567,2024,eurostat,HEL,FI_EFHK_CH_LSGG
GVA-IAD,99617,161583,2024,eurostat,GVA,CH_LSGG_US_KIAD
GVA-IAD,101764,137578,2025,us-bts,US DOT,GVA-IAD:CLASS=F:all months
GVA-IST,313789,462393,2024,eurostat,GVA,CH_LSGG_TR_LTFM
GVA-IST,313493,449955,2024,eurostat,IST,TR_LTFM_CH_LSGG
GVA-JFK,194704,308949,2024,eurostat,GVA,CH_LSGG_US_KJFK
GVA-JFK,177090,248968,2025,us-bts,US DOT,GVA-JFK:CLASS=F:all months
GVA-LHR,1033466,1333058,2024,eurostat,GVA,CH_LSGG_UK_EGLL
GVA-LHR,1056771,,2025,uk-caa,HEATHROW,2144
GVA-LIS,716233,835763,2024,eurostat,GVA,CH_LSGG_PT_LPPT
GVA-LIS,723888,871913,2024,eurostat,LIS,PT_LPPT_CH_LSGG
GVA-MAD,549890,605558,2024,eurostat,GVA,CH_LSGG_ES_LEMD
GVA-MAD,554224,655265,2024,eurostat,MAD,ES_LEMD_CH_LSGG
GVA-MAN,424312,558389,2024,eurostat,GVA,CH_LSGG_UK_EGCC
GVA-MAN,341679,,2025,uk-caa,MANCHESTER,2200
GVA-MUC,224852,328060,2024,eurostat,GVA,CH_LSGG_DE_EDDM
GVA-MUC,224953,322591,2024,eurostat,MUC,DE_EDDM_CH_LSGG
GVA-PEK,82471,125621,2024,eurostat,GVA,CH_LSGG_CN_ZBAA
GVA-PRG,113801,146219,2024,eurostat,GVA,CH_LSGG_CZ_LKPR
GVA-RAK,187977,218703,2024,eurostat,GVA,CH_LSGG_MA_GMMX
GVA-VIE,177804,249565,2024,eurostat,GVA,CH_LSGG_AT_LOWW
GVA-VIE,178251,239117,2024,eurostat,VIE,AT_LOWW_CH_LSGG
GVA-WAW,123923,154632,2024,eurostat,GVA,CH_LSGG_PL_EPWA
GVA-WAW,125019,154503,2024,eurostat,WAW,PL_EPWA_CH_LSGG
GVA-YUL,140431,162410,2024,eurostat,GVA,CH_LSGG_CA_CYUL
GVA-ZRH,472830,814700,2024,eurostat,GVA,CH_LSGG_CH_LSZH
GVA-ZRH,461579,799747,2024,eurostat,ZRH,CH_LSZH_CH_LSGG
HAK-LHR,25076,,2025,uk-caa,HEATHROW,2895
HAN-IST,168521,193425,2024,eurostat,IST,TR_LTFM_VN_VVNB
HAN-LHR,85860,,2025,uk-caa,HEATHROW,2929
HEL-HKG,160772,197253,2024,eurostat,HEL,FI_EFHK_HK_VHHH
HEL-ICN,183470,222496,2024,eurostat,HEL,FI_EFHK_KR_RKSI
HEL-IST,208664,250361,2024,eurostat,HEL,FI_EFHK_TR_LTFM
HEL-IST,206759,252698,2024,eurostat,IST,TR_LTFM_FI_EFHK
HEL-JFK,153980,190838,2024,eurostat,HEL,FI_EFHK_US_KJFK
HEL-JFK,145578,192046,2025,us-bts,US DOT,HEL-JFK:CLASS=F:all months
HEL-KEF,196338,253184,2024,eurostat,HEL,FI_EFHK_IS_BIKF
HEL-KEF,196344,260243,2024,eurostat,KEF,IS_BIKF_FI_EFHK
HEL-KIX,94050,132950,2024,eurostat,HEL,FI_EFHK_JP_RJBB
HEL-LAX,68718,94710,2025,us-bts,US DOT,HEL-LAX:CLASS=F:all months
HEL-LHR,532334,716872,2024,eurostat,HEL,FI_EFHK_UK_EGLL
HEL-LHR,584401,,2025,uk-caa,HEATHROW,262
HEL-LIS,121785,136592,2024,eurostat,HEL,FI_EFHK_PT_LPPT
HEL-LIS,121957,142673,2024,eurostat,LIS,PT_LPPT_FI_EFHK
HEL-MAD,135929,149925,2024,eurostat,HEL,FI_EFHK_ES_LEMD
HEL-MAD,136535,158086,2024,eurostat,MAD,ES_LEMD_FI_EFHK
HEL-MAN,100315,134361,2024,eurostat,HEL,FI_EFHK_UK_EGCC
HEL-MAN,101570,,2025,uk-caa,MANCHESTER,322
HEL-MIA,21531,27056,2025,us-bts,US DOT,HEL-MIA:CLASS=F:all months
HEL-MUC,495994,624646,2024,eurostat,HEL,FI_EFHK_DE_EDDM
HEL-MUC,494032,623005,2024,eurostat,MUC,DE_EDDM_FI_EFHK
HEL-MXP,206522,267722,2024,eurostat,HEL,FI_EFHK_IT_LIMC
HEL-MXP,206654,280461,2024,eurostat,MXP,IT_LIMC_FI_EFHK
HEL-NRT,119717,156546,2024,eurostat,HEL,FI_EFHK_JP_RJAA
HEL-ORD,58302,76167,2025,us-bts,US DOT,HEL-ORD:CLASS=F:all months
HEL-OSL,343961,465322,2024,eurostat,HEL,FI_EFHK_NO_ENGM
HEL-OSL,340297,489642,2024,eurostat,OSL,NO_ENGM_FI_EFHK
HEL-PRG,170555,254183,2024,eurostat,HEL,FI_EFHK_CZ_LKPR
HEL-PVG,124372,194176,2024,eurostat,HEL,FI_EFHK_CN_ZSPD
HEL-SEA,30571,45756,2025,us-bts,US DOT,HEL-SEA:CLASS=F:all months
HEL-SIN,166399,214403,2024,eurostat,HEL,FI_EFHK_SG_WSSS
HEL-VIE,224091,285315,2024,eurostat,HEL,FI_EFHK_AT_LOWW
HEL-VIE,223121,285662,2024,eurostat,VIE,AT_LOWW_FI_EFHK
HEL-WAW,186183,258033,2024,eurostat,HEL,FI_EFHK_PL_EPWA
HEL-WAW,186458,258267,2024,eurostat,WAW,PL_EPWA_FI_EFHK
HEL-ZRH,182013,245132,2024,eurostat,HEL,FI_EFHK_CH_LSZH
HEL-ZRH,180475,243038,2024,eurostat,ZRH,CH_LSZH_FI_EFHK
HGH-TPE,191197,257956,2025,tw-caa,TPE,53-1:430
HIJ-TPE,69204,93240,2025,tw-caa,TPE,53-1:254
HKG-HNL,1138,1564,2025,us-bts,US DOT,HKG-HNL:CLASS=F:all months
HKG-IST,204085,242633,2024,eurostat,IST,TR_LTFM_HK_VHHH
HKG-JFK,579475,645258,2025,us-bts,US DOT,HKG-JFK:CLASS=F:all months
HKG-KHH,1253468,1677052,2025,tw-caa,KHH,53-2:53
HKG-LAX,776413,981640,2025,us-bts,US DOT,HKG-LAX:CLASS=F:all months
HKG-LHR,1212724,,2025,uk-caa,HEATHROW,2907
HKG-MAD,85026,93242,2024,eurostat,MAD,ES_LEMD_HK_VHHH
HKG-MAN,170847,,2025,uk-caa,MANCHESTER,2909
HKG-MXP,103671,121719,2024,eurostat,MXP,IT_LIMC_HK_VHHH
HKG-ORD,205204,239498,2025,us-bts,US DOT,HKG-ORD:CLASS=F:all months
HKG-RMQ,438977,519420,2025,tw-caa,RMQ,53-4:25
HKG-SFO,869653,1071141,2025,us-bts,US DOT,HKG-SFO:CLASS=F:all months
HKG-SPN,14460,16465,2025,us-bts,US DOT,HKG-SPN:CLASS=F:all months
HKG-TPE,4905000,6814119,2025,tw-caa,TPE,53-1:148
HKG-ZRH,316135,347317,2024,eurostat,ZRH,CH_LSZH_HK_VHHH
HKT-IST,130877,141767,2024,eurostat,IST,TR_LTFM_TH_VTSP
HKT-TPE,30950,43596,2025,tw-caa,TPE,53-1:216
HNL-ICN,483689,606553,2025,us-bts,US DOT,HNL-ICN:CLASS=F:all months
HNL-KIX,296712,350163,2025,us-bts,US DOT,HNL-KIX:CLASS=F:all months
HNL-MEL,55761,77971,2025,us-bts,US DOT,HNL-MEL:CLASS=F:all months
HNL-MNL,107845,146346,2025,us-bts,US DOT,HNL-MNL:CLASS=F:all months
HNL-NAN,9647,18490,2025,us-bts,US DOT,HNL-NAN:CLASS=F:all months
HNL-NGO,101895,133840,2025,us-bts,US DOT,HNL-NGO:CLASS=F:all months
HNL-NRT,737903,944193,2025,us-bts,US DOT,HNL-NRT:CLASS=F:all months
HNL-PEK,202,276,2025,us-bts,US DOT,HNL-PEK:CLASS=F:all months
HNL-PPT,22494,28912,2025,us-bts,US DOT,HNL-PPT:CLASS=F:all months
HNL-PVG,175,284,2025,us-bts,US DOT,HNL-PVG:CLASS=F:all months
HNL-SIN,848,1285,2025,us-bts,US DOT,HNL-SIN:CLASS=F:all months
HNL-SYD,264863,344658,2025,us-bts,US DOT,HNL-SYD:CLASS=F:all months
HNL-TPE,328,350,2025,tw-caa,TPE,53-1:261
HNL-TPE,320,350,2025,us-bts,US DOT,HNL-TPE:CLASS=F:all months
HNL-YVR,296964,338930,2025,us-bts,US DOT,HNL-YVR:CLASS=F:all months
HNL-YYC,47814,54378,2025,us-bts,US DOT,HNL-YYC:CLASS=F:all months
HNL-YYZ,16130,17862,2025,us-bts,US DOT,HNL-YYZ:CLASS=F:all months
HYD-LHR,164101,,2025,uk-caa,HEATHROW,2863
IAD-ICN,169241,201242,2025,us-bts,US DOT,IAD-ICN:CLASS=F:all months
IAD-IST,367853,433105,2024,eurostat,IST,TR_LTFM_US_KIAD
IAD-IST,389376,463234,2025,us-bts,US DOT,IAD-IST:CLASS=F:all months
IAD-JED,82404,120424,2025,us-bts,US DOT,IAD-JED:CLASS=F:all months
IAD-KEF,211779,249727,2024,eurostat,KEF,IS_BIKF_US_KIAD
IAD-KEF,130387,169517,2025,us-bts,US DOT,IAD-KEF:CLASS=F:all months
IAD-KIX,769,831,2025,us-bts,US DOT,IAD-KIX:CLASS=F:all months
IAD-LHR,848093,,2025,uk-caa,HEATHROW,3002
IAD-LHR,826348,1094924,2025,us-bts,US DOT,IAD-LHR:CLASS=F:all months
IAD-LIS,277062,317888,2024,eurostat,LIS,PT_LPPT_US_KIAD
IAD-LIS,280611,317195,2025,us-bts,US DOT,IAD-LIS:CLASS=F:all months
IAD-LOS,92339,110608,2025,us-bts,US DOT,IAD-LOS:CLASS=F:all months
IAD-MAD,154361,177977,2024,eurostat,MAD,ES_LEMD_US_KIAD
IAD-MAD,158763,182975,2025,us-bts,US DOT,IAD-MAD:CLASS=F:all months
IAD-MEX,175664,241667,2025,us-bts,US DOT,IAD-MEX:CLASS=F:all months
IAD-MUC,303275,360286,2024,eurostat,MUC,DE_EDDM_US_KIAD
IAD-MUC,335001,418746,2025,us-bts,US DOT,IAD-MUC:CLASS=F:all months
IAD-NRT,410,553,2025,us-bts,US DOT,IAD-NRT:CLASS=F:all months
IAD-PEK,55821,73540,2025,us-bts,US DOT,IAD-PEK:CLASS=F:all months
IAD-PTY,319202,361310,2025,us-bts,US DOT,IAD-PTY:CLASS=F:all months
IAD-RUH,50422,86710,2025,us-bts,US DOT,IAD-RUH:CLASS=F:all months
IAD-VIE,119996,140255,2024,eurostat,VIE,AT_LOWW_US_KIAD
IAD-VIE,125641,152994,2025,us-bts,US DOT,IAD-VIE:CLASS=F:all months
IAD-YUL,131215,155246,2025,us-bts,US DOT,IAD-YUL:CLASS=F:all months
IAD-YVR,36335,41923,2025,us-bts,US DOT,IAD-YVR:CLASS=F:all months
IAD-YYC,36321,39795,2025,us-bts,US DOT,IAD-YYC:CLASS=F:all months
IAD-YYZ,247376,293376,2025,us-bts,US DOT,IAD-YYZ:CLASS=F:all months
IAD-ZRH,214373,262610,2024,eurostat,ZRH,CH_LSZH_US_KIAD
IAD-ZRH,218687,281919,2025,us-bts,US DOT,IAD-ZRH:CLASS=F:all months
IAH-ICN,243,271,2025,us-bts,US DOT,IAH-ICN:CLASS=F:all months
IAH-IST,249198,294258,2024,eurostat,IST,TR_LTFM_US_KIAH
IAH-IST,270224,319629,2025,us-bts,US DOT,IAH-IST:CLASS=F:all months
IAH-LHR,529832,,2025,uk-caa,HEATHROW,2980
IAH-LHR,509606,700397,2025,us-bts,US DOT,IAH-LHR:CLASS=F:all months
IAH-LIM,122654,140832,2025,us-bts,US DOT,IAH-LIM:CLASS=F:all months
IAH-MAN,11038,,2025,uk-caa,MANCHESTER,3037
IAH-MAN,19866,30360,2025,us-bts,US DOT,IAH-MAN:CLASS=F:all months
IAH-MEL,190,236,2025,us-bts,US DOT,IAH-MEL:CLASS=F:all months
IAH-MEX,838574,1120806,2025,us-bts,US DOT,IAH-MEX:CLASS=F:all months
IAH-MUC,100553,114513,2024,eurostat,MUC,DE_EDDM_US_KIAH
IAH-MUC,127419,150545,2025,us-bts,US DOT,IAH-MUC:CLASS=F:all months
IAH-NRT,225574,287334,2025,us-bts,US DOT,IAH-NRT:CLASS=F:all months
IAH-PTY,289715,352268,2025,us-bts,US DOT,IAH-PTY:CLASS=F:all months
IAH-PVG,271,284,2025,us-bts,US DOT,IAH-PVG:CLASS=F:all months
IAH-SCL,57332,72785,2025,us-bts,US DOT,IAH-SCL:CLASS=F:all months
IAH-SIN,9997,30360,2025,us-bts,US DOT,IAH-SIN:CLASS=F:all months
IAH-SYD,53878,77808,2025,us-bts,US DOT,IAH-SYD:CLASS=F:all months
IAH-TPE,209678,242424,2025,tw-caa,TPE,53-1:78
IAH-TPE,208138,242757,2025,us-bts,US DOT,IAH-TPE:CLASS=F:all months
IAH-UIO,121948,138678,2025,us-bts,US DOT,IAH-UIO:CLASS=F:all months
IAH-YUL,76974,108009,2025,us-bts,US DOT,IAH-YUL:CLASS=F:all months
IAH-YVR,187480,228322,2025,us-bts,US DOT,IAH-YVR:CLASS=F:all months
IAH-YYC,273238,319150,2025,us-bts,US DOT,IAH-YYC:CLASS=F:all months
IAH-YYZ,321387,386732,2025,us-bts,US DOT,IAH-YYZ:CLASS=F:all months
ICN-IST,547691,666609,2024,eurostat,IST,TR_LTFM_KR_RKSI
ICN-JFK,788855,898047,2025,us-bts,US DOT,ICN-JFK:CLASS=F:all months
ICN-KHH,415460,499736,2025,tw-caa,KHH,53-2:17
ICN-LAS,177818,211559,2025,us-bts,US DOT,ICN-LAS:CLASS=F:all months
ICN-LAX,1191388,1456966,2025,us-bts,US DOT,ICN-LAX:CLASS=F:all months
ICN-LHR,361206,,2025,uk-caa,HEATHROW,2915
ICN-MAD,80831,91338,2024,eurostat,MAD,ES_LEMD_KR_RKSI
ICN-MUC,172753,192250,2024,eurostat,MUC,DE_EDDM_KR_RKSI
ICN-MXP,89936,102832,2024,eurostat,MXP,IT_LIMC_KR_RKSI
ICN-ORD,172836,206913,2025,us-bts,US DOT,ICN-ORD:CLASS=F:all months
ICN-RMQ,289765,343018,2025,tw-caa,RMQ,53-4:12
ICN-SEA,572532,701848,2025,us-bts,US DOT,ICN-SEA:CLASS=F:all months
ICN-SFO,812361,988374,2025,us-bts,US DOT,ICN-SFO:CLASS=F:all months
ICN-SPN,142667,187320,2025,us-bts,US DOT,ICN-SPN:CLASS=F:all months
ICN-TPE,2453298,2737406,2025,tw-caa,TPE,53-1:23
ICN-VIE,91973,106522,2024,eurostat,VIE,AT_LOWW_KR_RKSI
ICN-WAW,115576,139482,2024,eurostat,WAW,PL_EPWA_KR_RKSI
ICN-ZAG,20064,24290,2024,eurostat,ZAG,HR_LDZA_KR_RKSI
ICN-ZRH,75561,83340,2024,eurostat,ZRH,CH_LSZH_KR_RKSI
ISB-IST,252785,309871,2024,eurostat,IST,TR_LTFM_PK_OPIS
ISB-MAN,14997,,2025,uk-caa,MANCHESTER,2876
IST-JED,1183900,1479112,2024,eurostat,IST,TR_LTFM_SA_OEJN
IST-JFK,661870,797684,2024,eurostat,IST,TR_LTFM_US_KJFK
IST-JFK,660084,776365,2025,us-bts,US DOT,IST-JFK:CLASS=F:all months
IST-JNB,205293,226339,2024,eurostat,IST,TR_LTFM_ZA_FAOR
IST-KHI,150287,203788,2024,eurostat,IST,TR_LTFM_PK_OPKC
IST-KIX,155693,194414,2024,eurostat,IST,TR_LTFM_JP_RJBB
IST-KTM,98280,119072,2024,eurostat,IST,TR_LTFM_NP_VNKT
IST-KUL,438847,520455,2024,eurostat,IST,TR_LTFM_MY_WMKK
IST-KWI,504862,756718,2024,eurostat,IST,TR_LTFM_KW_OKKK
IST-LAX,412448,493146,2024,eurostat,IST,TR_LTFM_US_KLAX
IST-LAX,425497,519437,2025,us-bts,US DOT,IST-LAX:CLASS=F:all months
IST-LHR,1281962,1634625,2024,eurostat,IST,TR_LTFM_UK_EGLL
IST-LHR,1292819,,2025,uk-caa,HEATHROW,2221
IST-LIS,253689,301678,2024,eurostat,IST,TR_LTFM_PT_LPPT
IST-LIS,255490,299062,2024,eurostat,LIS,PT_LPPT_TR_LTFM
IST-LOS,151701,201312,2024,eurostat,IST,TR_LTFM_NG_DNMM
IST-MAD,495000,595655,2024,eurostat,IST,TR_LTFM_ES_LEMD
IST-MAD,497643,620062,2024,eurostat,MAD,ES_LEMD_TR_LTFM
IST-MAN,430373,531602,2024,eurostat,IST,TR_LTFM_UK_EGCC
IST-MAN,484382,,2025,uk-caa,MANCHESTER,2303
IST-MCT,223193,341605,2024,eurostat,IST,TR_LTFM_OM_OOMS
IST-MEX,145816,173432,2024,eurostat,IST,TR_LTFM_MX_MMMX
IST-MIA,336826,409989,2024,eurostat,IST,TR_LTFM_US_KMIA
IST-MIA,333847,389654,2025,us-bts,US DOT,IST-MIA:CLASS=F:all months
IST-MLE,144973,186177,2024,eurostat,IST,TR_LTFM_MV_VRMM
IST-MNL,339958,391168,2024,eurostat,IST,TR_LTFM_PH_RPLL
IST-MRU,179306,192840,2024,eurostat,IST,TR_LTFM_MU_FIMP
IST-MUC,496801,629130,2024,eurostat,IST,TR_LTFM_DE_EDDM
IST-MUC,497232,627817,2024,eurostat,MUC,DE_EDDM_TR_LTFM
IST-MXP,554170,654184,2024,eurostat,IST,TR_LTFM_IT_LIMC
IST-MXP,812185,992873,2024,eurostat,MXP,IT_LIMC_TR_LTFM
IST-NBO,136729,166480,2024,eurostat,IST,TR_LTFM_KE_HKJK
IST-NRT,173923,219172,2024,eurostat,IST,TR_LTFM_JP_RJAA
IST-ORD,384073,457688,2024,eurostat,IST,TR_LTFM_US_KORD
IST-ORD,410322,487379,2025,us-bts,US DOT,IST-ORD:CLASS=F:all months
IST-OSL,268126,353126,2024,eurostat,IST,TR_LTFM_NO_ENGM
IST-OSL,269288,434961,2024,eurostat,OSL,NO_ENGM_TR_LTFM
IST-PEK,260264,354028,2024,eurostat,IST,TR_LTFM_CN_ZBAA
IST-PRG,315280,385608,2024,eurostat,IST,TR_LTFM_CZ_LKPR
IST-PTY,190676,233595,2024,eurostat,IST,TR_LTFM_PA_MPTO
IST-PVG,358350,462290,2024,eurostat,IST,TR_LTFM_CN_ZSPD
IST-RAK,93164,122706,2024,eurostat,IST,TR_LTFM_MA_GMMX
IST-RUH,598151,802964,2024,eurostat,IST,TR_LTFM_SA_OERK
IST-SEA,208602,254591,2024,eurostat,IST,TR_LTFM_US_KSEA
IST-SEA,206552,255040,2025,us-bts,US DOT,IST-SEA:CLASS=F:all months
IST-SFO,302829,361625,2024,eurostat,IST,TR_LTFM_US_KSFO
IST-SFO,316413,378875,2025,us-bts,US DOT,IST-SFO:CLASS=F:all months
IST-SGN,172005,199557,2024,eurostat,IST,TR_LTFM_VN_VVTS
IST-SIN,483027,659142,2024,eurostat,IST,TR_LTFM_SG_WSSS
IST-TAS,958839,1162087,2024,eurostat,IST,TR_LTFM_UZ_UTTT
IST-TFU,98429,121872,2024,eurostat,IST,TR_LTFM_CN_ZUTF
IST-TPE,243863,302552,2024,eurostat,IST,TR_LTFM_TW_RCTP
IST-TPE,302488,355302,2025,tw-caa,TPE,53-1:76
IST-UBN,145271,189016,2024,eurostat,IST,TR_LTFM_MN_ZMCK
IST-VIE,527417,677348,2024,eurostat,IST,TR_LTFM_AT_LOWW
IST-VIE,529836,670480,2024,eurostat,VIE,AT_LOWW_TR_LTFM
IST-WAW,378556,461655,2024,eurostat,IST,TR_LTFM_PL_EPWA
IST-WAW,382378,444644,2024,eurostat,WAW,PL_EPWA_TR_LTFM
IST-YUL,90929,114776,2024,eurostat,IST,TR_LTFM_CA_CYUL
IST-YVR,96431,112331,2024,eurostat,IST,TR_LTFM_CA_CYVR
IST-YYZ,209451,246509,2024,eurostat,IST,TR_LTFM_CA_CYYZ
IST-ZAG,218952,268426,2024,eurostat,IST,TR_LTFM_HR_LDZA
IST-ZAG,221377,269359,2024,eurostat,ZAG,HR_LDZA_TR_LTFM
IST-ZNZ,96278,108909,2024,eurostat,IST,TR_LTFM_TZ_HTZA
IST-ZRH,419477,553576,2024,eurostat,IST,TR_LTFM_CH_LSZH
IST-ZRH,419634,551708,2024,eurostat,ZRH,CH_LSZH_TR_LTFM
JED-JFK,98123,121186,2025,us-bts,US DOT,JED-JFK:CLASS=F:all months
JED-LAX,52736,72500,2025,us-bts,US DOT,JED-LAX:CLASS=F:all months
JED-LHR,461794,,2025,uk-caa,HEATHROW,2824
JED-MAD,91351,125497,2024,eurostat,MAD,ES_LEMD_SA_OEJN
JED-MAN,180286,,2025,uk-caa,MANCHESTER,2831
JED-MXP,223483,263333,2024,eurostat,MXP,IT_LIMC_SA_OEJN
JFK-JNB,151,275,2025,us-bts,US DOT,JFK-JNB:CLASS=F:all months
JFK-KEF,274336,324364,2024,eurostat,KEF,IS_BIKF_US_KJFK
JFK-KEF,249763,324350,2025,us-bts,US DOT,JFK-KEF:CLASS=F:all months
JFK-KIX,1339,1518,2025,us-bts,US DOT,JFK-KIX:CLASS=F:all months
JFK-KWI,102825,224786,2025,us-bts,US DOT,JFK-KWI:CLASS=F:all months
JFK-LHR,3220201,,2025,uk-caa,HEATHROW,2988
JFK-LHR,3140356,3906314,2025,us-bts,US DOT,JFK-LHR:CLASS=F:all months
JFK-LIM,213503,245839,2025,us-bts,US DOT,JFK-LIM:CLASS=F:all months
JFK-LIS,309330,351471,2024,eurostat,LIS,PT_LPPT_US_KJFK
JFK-LIS,313641,350975,2025,us-bts,US DOT,JFK-LIS:CLASS=F:all months
JFK-LOS,29681,54999,2025,us-bts,US DOT,JFK-LOS:CLASS=F:all months
JFK-MAD,839449,921228,2024,eurostat,MAD,ES_LEMD_US_KJFK
JFK-MAD,796703,895836,2025,us-bts,US DOT,JFK-MAD:CLASS=F:all months
JFK-MAN,323803,,2025,uk-caa,MANCHESTER,3041
JFK-MAN,322955,396092,2025,us-bts,US DOT,JFK-MAN:CLASS=F:all months
JFK-MEX,718714,833745,2025,us-bts,US DOT,JFK-MEX:CLASS=F:all months
JFK-MNL,67768,85265,2025,us-bts,US DOT,JFK-MNL:CLASS=F:all months
JFK-MUC,284275,325987,2024,eurostat,MUC,DE_EDDM_US_KJFK
JFK-MUC,241143,279701,2025,us-bts,US DOT,JFK-MUC:CLASS=F:all months
JFK-MXP,808458,985939,2024,eurostat,MXP,IT_LIMC_US_KJFK
JFK-MXP,744604,955700,2025,us-bts,US DOT,JFK-MXP:CLASS=F:all months
JFK-NAN,217,236,2025,us-bts,US DOT,JFK-NAN:CLASS=F:all months
JFK-NBO,108767,138060,2025,us-bts,US DOT,JFK-NBO:CLASS=F:all months
JFK-NRT,2407,2996,2025,us-bts,US DOT,JFK-NRT:CLASS=F:all months
JFK-OSL,75524,89760,2025,us-bts,US DOT,JFK-OSL:CLASS=F:all months
JFK-PEK,165726,187130,2025,us-bts,US DOT,JFK-PEK:CLASS=F:all months
JFK-PPT,421,472,2025,us-bts,US DOT,JFK-PPT:CLASS=F:all months
JFK-PRG,60091,64084,2025,us-bts,US DOT,JFK-PRG:CLASS=F:all months
JFK-PTY,374924,408172,2025,us-bts,US DOT,JFK-PTY:CLASS=F:all months
JFK-PVG,61657,64998,2025,us-bts,US DOT,JFK-PVG:CLASS=F:all months
JFK-RUH,69358,89610,2025,us-bts,US DOT,JFK-RUH:CLASS=F:all months
JFK-SCL,166523,197024,2025,us-bts,US DOT,JFK-SCL:CLASS=F:all months
JFK-SIN,131441,279579,2025,us-bts,US DOT,JFK-SIN:CLASS=F:all months
JFK-TAS,95429,122040,2025,us-bts,US DOT,JFK-TAS:CLASS=F:all months
JFK-TPE,313472,391352,2025,tw-caa,TPE,53-1:165
JFK-TPE,310486,392349,2025,us-bts,US DOT,JFK-TPE:CLASS=F:all months
JFK-UIO,95960,108829,2025,us-bts,US DOT,JFK-UIO:CLASS=F:all months
JFK-VIE,131964,150462,2024,eurostat,VIE,AT_LOWW_US_KJFK
JFK-VIE,112521,136912,2025,us-bts,US DOT,JFK-VIE:CLASS=F:all months
JFK-WAW,246027,277385,2024,eurostat,WAW,PL_EPWA_US_KJFK
JFK-WAW,249406,286926,2025,us-bts,US DOT,JFK-WAW:CLASS=F:all months
JFK-YUL,31187,42104,2025,us-bts,US DOT,JFK-YUL:CLASS=F:all months
JFK-YVR,96647,114856,2025,us-bts,US DOT,JFK-YVR:CLASS=F:all months
JFK-YYC,92310,103980,2025,us-bts,US DOT,JFK-YYC:CLASS=F:all months
JFK-YYZ,317187,398237,2025,us-bts,US DOT,JFK-YYZ:CLASS=F:all months
JFK-ZRH,422005,498921,2024,eurostat,ZRH,CH_LSZH_US_KJFK
JFK-ZRH,403900,498539,2025,us-bts,US DOT,JFK-ZRH:CLASS=F:all months
JNB-LHR,706474,,2025,uk-caa,HEATHROW,2802
JNB-ZRH,165169,177184,2024,eurostat,ZRH,CH_LSZH_ZA_FAOR
KEF-LAX,763,809,2025,us-bts,US DOT,KEF-LAX:CLASS=F:all months
KEF-LHR,349515,425931,2024,eurostat,KEF,IS_BIKF_UK_EGLL
KEF-LHR,345289,,2025,uk-caa,HEATHROW,2022
KEF-MAD,74318,87269,2024,eurostat,KEF,IS_BIKF_ES_LEMD
KEF-MAD,75271,88378,2024,eurostat,MAD,ES_LEMD_IS_BIKF
KEF-MAN,213870,251727,2024,eurostat,KEF,IS_BIKF_UK_EGCC
KEF-MAN,193402,,2025,uk-caa,MANCHESTER,2041
KEF-MIA,8228,10632,2025,us-bts,US DOT,KEF-MIA:CLASS=F:all months
KEF-MUC,126684,155202,2024,eurostat,KEF,IS_BIKF_DE_EDDM
KEF-MUC,126127,154571,2024,eurostat,MUC,DE_EDDM_IS_BIKF
KEF-MXP,170883,196900,2024,eurostat,KEF,IS_BIKF_IT_LIMC
KEF-MXP,171907,197966,2024,eurostat,MXP,IT_LIMC_IS_BIKF
KEF-ORD,183282,212038,2024,eurostat,KEF,IS_BIKF_US_KORD
KEF-ORD,185589,220811,2025,us-bts,US DOT,KEF-ORD:CLASS=F:all months
KEF-OSL,286925,332457,2024,eurostat,KEF,IS_BIKF_NO_ENGM
KEF-OSL,285831,385017,2024,eurostat,OSL,NO_ENGM_IS_BIKF
KEF-PRG,52384,62587,2024,eurostat,KEF,IS_BIKF_CZ_LKPR
KEF-SEA,200144,231994,2024,eurostat,KEF,IS_BIKF_US_KSEA
KEF-SEA,205225,252118,2025,us-bts,US DOT,KEF-SEA:CLASS=F:all months
KEF-SFO,515,640,2025,us-bts,US DOT,KEF-SFO:CLASS=F:all months
KEF-VIE,94792,110857,2024,eurostat,KEF,IS_BIKF_AT_LOWW
KEF-VIE,95215,109735,2024,eurostat,VIE,AT_LOWW_IS_BIKF
KEF-WAW,113995,125243,2024,eurostat,KEF,IS_BIKF_PL_EPWA
KEF-WAW,114434,125511,2024,eurostat,WAW,PL_EPWA_IS_BIKF
KEF-YVR,56719,65682,2024,eurostat,KEF,IS_BIKF_CA_CYVR
KEF-YYZ,176822,207353,2024,eurostat,KEF,IS_BIKF_CA_CYYZ
KEF-ZRH,124543,152732,2024,eurostat,KEF,IS_BIKF_CH_LSZH
KEF-ZRH,123741,149699,2024,eurostat,ZRH,CH_LSZH_IS_BIKF
KHH-KIX,562164,699869,2025,tw-caa,KHH,53-2:12
KHH-KMJ,41946,51160,2025,tw-caa,KHH,53-2:112
KHH-KUL,87062,110808,2025,tw-caa,KHH,53-2:32
KHH-MFM,324799,428682,2025,tw-caa,KHH,53-2:94
KHH-MNL,144865,196832,2025,tw-caa,KHH,53-2:76
KHH-NGO,80559,94680,2025,tw-caa,KHH,53-2:35
KHH-NKG,31872,48976,2025,tw-caa,KHH,53-2:132
KHH-NRT,563125,672690,2025,tw-caa,KHH,53-2:40
KHH-OKA,242680,288046,2025,tw-caa,KHH,53-2:69
KHH-PQC,24978,37084,2025,tw-caa,KHH,53-2:105
KHH-PUS,162677,183427,2025,tw-caa,KHH,53-2:73
KHH-PVG,190747,230000,2025,tw-caa,KHH,53-2:128
KHH-SDJ,19320,25200,2025,tw-caa,KHH,53-2:27
KHH-SGN,221528,274370,2025,tw-caa,KHH,53-2:50
KHH-SIN,41361,50330,2025,tw-caa,KHH,53-2:88
KHH-SZX,26042,32636,2025,tw-caa,KHH,53-2:144
KHH-WUH,68690,86668,2025,tw-caa,KHH,53-2:136
KHH-XMN,49843,64800,2025,tw-caa,KHH,53-2:139
KIX-LAX,120923,147757,2025,us-bts,US DOT,KIX-LAX:CLASS=F:all months
KIX-MUC,110996,142422,2024,eurostat,MUC,DE_EDDM_JP_RJBB
KIX-ORD,219,334,2025,us-bts,US DOT,KIX-ORD:CLASS=F:all months
KIX-SFO,158676,194682,2025,us-bts,US DOT,KIX-SFO:CLASS=F:all months
KIX-TPE,2925614,3511717,2025,tw-caa,TPE,53-1:12
KMJ-TPE,257344,308960,2025,tw-caa,TPE,53-1:368
KOJ-TPE,33082,46854,2025,tw-caa,TPE,53-1:383
KUL-LHR,457804,,2025,uk-caa,HEATHROW,2913
KUL-TPE,987015,1156597,2025,tw-caa,TPE,53-1:50
KWI-LHR,384979,,2025,uk-caa,HEATHROW,2810
KWI-MAN,48609,,2025,uk-caa,MANCHESTER,2812
LAS-LHR,424994,,2025,uk-caa,HEATHROW,2981
LAS-LHR,413169,476538,2025,us-bts,US DOT,LAS-LHR:CLASS=F:all months
LAS-MAN,36184,,2025,uk-caa,MANCHESTER,3038
LAS-MAN,34926,45712,2025,us-bts,US DOT,LAS-MAN:CLASS=F:all months
LAS-MEX,406753,502523,2025,us-bts,US DOT,LAS-MEX:CLASS=F:all months
LAS-NRT,3824,4895,2025,us-bts,US DOT,LAS-NRT:CLASS=F:all months
LAS-PTY,72181,83824,2025,us-bts,US DOT,LAS-PTY:CLASS=F:all months
LAS-YUL,126686,162304,2025,us-bts,US DOT,LAS-YUL:CLASS=F:all months
LAS-YVR,356434,465633,2025,us-bts,US DOT,LAS-YVR:CLASS=F:all months
LAS-YYC,275275,338220,2025,us-bts,US DOT,LAS-YYC:CLASS=F:all months
LAS-YYZ,444135,521924,2025,us-bts,US DOT,LAS-YYZ:CLASS=F:all months
LAS-ZRH,42356,55902,2025,us-bts,US DOT,LAS-ZRH:CLASS=F:all months
LAX-LHR,1459443,,2025,uk-caa,HEATHROW,2982
LAX-LHR,1418523,1810179,2025,us-bts,US DOT,LAX-LHR:CLASS=F:all months
LAX-LIM,254809,298412,2025,us-bts,US DOT,LAX-LIM:CLASS=F:all months
LAX-LIS,61368,70066,2025,us-bts,US DOT,LAX-LIS:CLASS=F:all months
LAX-MAD,151969,167682,2024,eurostat,MAD,ES_LEMD_US_KLAX
LAX-MAD,141224,162793,2025,us-bts,US DOT,LAX-MAD:CLASS=F:all months
LAX-MEL,258787,330934,2025,us-bts,US DOT,LAX-MEL:CLASS=F:all months
LAX-MEX,954181,1131503,2025,us-bts,US DOT,LAX-MEX:CLASS=F:all months
LAX-MNL,393789,492274,2025,us-bts,US DOT,LAX-MNL:CLASS=F:all months
LAX-MUC,289944,362042,2024,eurostat,MUC,DE_EDDM_US_KLAX
LAX-MUC,275619,342666,2025,us-bts,US DOT,LAX-MUC:CLASS=F:all months
LAX-NAN,205857,264814,2025,us-bts,US DOT,LAX-NAN:CLASS=F:all months
LAX-NKG,302,304,2025,us-bts,US DOT,LAX-NKG:CLASS=F:all months
LAX-NRT,747028,871138,2025,us-bts,US DOT,LAX-NRT:CLASS=F:all months
LAX-OSL,265,349,2025,us-bts,US DOT,LAX-OSL:CLASS=F:all months
LAX-PEK,185281,218164,2025,us-bts,US DOT,LAX-PEK:CLASS=F:all months
LAX-PPT,398805,466234,2025,us-bts,US DOT,LAX-PPT:CLASS=F:all months
LAX-PTY,351866,386074,2025,us-bts,US DOT,LAX-PTY:CLASS=F:all months
LAX-PVG,402706,476703,2025,us-bts,US DOT,LAX-PVG:CLASS=F:all months
LAX-SCL,143682,172517,2025,us-bts,US DOT,LAX-SCL:CLASS=F:all months
LAX-SIN,259255,413161,2025,us-bts,US DOT,LAX-SIN:CLASS=F:all months
LAX-SYD,756357,988901,2025,us-bts,US DOT,LAX-SYD:CLASS=F:all months
LAX-SZX,30025,35388,2025,us-bts,US DOT,LAX-SZX:CLASS=F:all months
LAX-TFU,93723,98643,2025,us-bts,US DOT,LAX-TFU:CLASS=F:all months
LAX-TPE,995840,1365065,2025,tw-caa,TPE,53-1:138
LAX-TPE,966582,1341307,2025,us-bts,US DOT,LAX-TPE:CLASS=F:all months
LAX-VIE,77141,89877,2024,eurostat,VIE,AT_LOWW_US_KLAX
LAX-VIE,91591,121440,2025,us-bts,US DOT,LAX-VIE:CLASS=F:all months
LAX-WAW,84226,100315,2024,eurostat,WAW,PL_EPWA_US_KLAX
LAX-WAW,104175,134306,2025,us-bts,US DOT,LAX-WAW:CLASS=F:all months
LAX-XMN,85785,89544,2025,us-bts,US DOT,LAX-XMN:CLASS=F:all months
LAX-YUL,215768,262553,2025,us-bts,US DOT,LAX-YUL:CLASS=F:all months
LAX-YVR,790542,930462,2025,us-bts,US DOT,LAX-YVR:CLASS=F:all months
LAX-YYC,296223,347532,2025,us-bts,US DOT,LAX-YYC:CLASS=F:all months
LAX-YYZ,591075,701066,2025,us-bts,US DOT,LAX-YYZ:CLASS=F:all months
LAX-ZRH,193503,223403,2024,eurostat,ZRH,CH_LSZH_US_KLAX
LAX-ZRH,185853,228480,2025,us-bts,US DOT,LAX-ZRH:CLASS=F:all months
LHR-LIS,1121062,1401425,2024,eurostat,LIS,PT_LPPT_UK_EGLL
LHR-LIS,1125570,,2025,uk-caa,HEATHROW,1468
LHR-LOS,362940,,2025,uk-caa,HEATHROW,2793
LHR-MAA,135627,,2025,uk-caa,HEATHROW,2861
LHR-MAD,1550044,1881133,2024,eurostat,MAD,ES_LEMD_UK_EGLL
LHR-MAD,1501118,,2025,uk-caa,HEATHROW,1583
LHR-MCT,180601,,2025,uk-caa,HEATHROW,2813
LHR-MEX,293512,,2025,uk-caa,HEATHROW,3058
LHR-MIA,1062096,,2025,uk-caa,HEATHROW,2984
LHR-MIA,1029273,1255545,2025,us-bts,US DOT,LHR-MIA:CLASS=F:all months
LHR-MLE,181494,,2025,uk-caa,HEATHROW,3117
LHR-MUC,1303912,1582151,2024,eurostat,MUC,DE_EDDM_UK_EGLL
LHR-MUC,1305493,,2025,uk-caa,HEATHROW,684
LHR-MXP,373731,515566,2024,eurostat,MXP,IT_LIMC_UK_EGLL
LHR-MXP,263009,,2025,uk-caa,HEATHROW,1144
LHR-NBO,356444,,2025,uk-caa,HEATHROW,2780
LHR-ORD,1069136,,2025,uk-caa,HEATHROW,2975
LHR-ORD,1041443,1258087,2025,us-bts,US DOT,LHR-ORD:CLASS=F:all months
LHR-OSL,685346,965301,2024,eurostat,OSL,NO_ENGM_UK_EGLL
LHR-OSL,688491,,2025,uk-caa,HEATHROW,2064
LHR-PEK,385464,,2025,uk-caa,HEATHROW,2889
LHR-PER,153376,,2025,uk-caa,HEATHROW,2933
LHR-PRG,444498,,2025,uk-caa,HEATHROW,2355
LHR-PVG,343084,,2025,uk-caa,HEATHROW,2898
LHR-RAK,61277,,2025,uk-caa,HEATHROW,2721
LHR-RUH,777520,,2025,uk-caa,HEATHROW,2826
LHR-SAN,240757,,2025,uk-caa,HEATHROW,2997
LHR-SAN,234846,268989,2025,us-bts,US DOT,LHR-SAN:CLASS=F:all months
LHR-SCL,68342,,2025,uk-caa,HEATHROW,3072
LHR-SEA,544704,,2025,uk-caa,HEATHROW,3000
LHR-SEA,531570,654736,2025,us-bts,US DOT,LHR-SEA:CLASS=F:all months
LHR-SFO,1054553,,2025,uk-caa,HEATHROW,2998
LHR-SFO,1030369,1306381,2025,us-bts,US DOT,LHR-SFO:CLASS=F:all months
LHR-SGN,55659,,2025,uk-caa,HEATHROW,2930
LHR-SIN,1410526,,2025,uk-caa,HEATHROW,2917
LHR-SYD,160416,,2025,uk-caa,HEATHROW,2934
LHR-SYX,8,,2025,uk-caa,HEATHROW,2897
LHR-SZX,102182,,2025,uk-caa,HEATHROW,2899
LHR-TAO,43683,,2025,uk-caa,HEATHROW,2896
LHR-TAS,28940,,2025,uk-caa,HEATHROW,2654
LHR-TFU,64272,,2025,uk-caa,HEATHROW,2892
LHR-TPE,114605,145962,2025,tw-caa,TPE,53-1:358
LHR-TPE,129784,,2025,uk-caa,HEATHROW,2921
LHR-TSN,2488,,2025,uk-caa,HEATHROW,2900
LHR-VIE,803962,1025286,2024,eurostat,VIE,AT_LOWW_UK_EGLL
LHR-VIE,757986,,2025,uk-caa,HEATHROW,9
LHR-WAW,579372,726790,2024,eurostat,WAW,PL_EPWA_UK_EGLL
LHR-WAW,575749,,2025,uk-caa,HEATHROW,2443
LHR-WUH,38302,,2025,uk-caa,HEATHROW,2901
LHR-XIY,34054,,2025,uk-caa,HEATHROW,2902
LHR-YUL,388294,,2025,uk-caa,HEATHROW,2945
LHR-YVR,540445,,2025,uk-caa,HEATHROW,2949
LHR-YYC,390904,,2025,uk-caa,HEATHROW,2941
LHR-YYZ,1214726,,2025,uk-caa,HEATHROW,2948
LHR-ZAG,108772,149292,2024,eurostat,ZAG,HR_LDZA_UK_EGLL
LHR-ZAG,85052,,2025,uk-caa,HEATHROW,118
LHR-ZRH,1147460,1362897,2024,eurostat,ZRH,CH_LSZH_UK_EGLL
LHR-ZRH,1140285,,2025,uk-caa,HEATHROW,2145
LIM-MAD,985526,1063158,2024,eurostat,MAD,ES_LEMD_PE_SPJC
LIM-MIA,865273,978015,2025,us-bts,US DOT,LIM-MIA:CLASS=F:all months
LIS-MAD,1906810,2317233,2024,eurostat,LIS,PT_LPPT_ES_LEMD
LIS-MAD,1905986,2319718,2024,eurostat,MAD,ES_LEMD_PT_LPPT
LIS-MAN,366869,408562,2024,eurostat,LIS,PT_LPPT_UK_EGCC
LIS-MAN,360155,,2025,uk-caa,MANCHESTER,1521
LIS-MIA,255914,301078,2024,eurostat,LIS,PT_LPPT_US_KMIA
LIS-MIA,262535,299847,2025,us-bts,US DOT,LIS-MIA:CLASS=F:all months
LIS-MUC,570360,677443,2024,eurostat,LIS,PT_LPPT_DE_EDDM
LIS-MUC,567157,653338,2024,eurostat,MUC,DE_EDDM_PT_LPPT
LIS-MXP,664243,788762,2024,eurostat,LIS,PT_LPPT_IT_LIMC
LIS-MXP,662486,786201,2024,eurostat,MXP,IT_LIMC_PT_LPPT
LIS-ORD,101051,118418,2024,eurostat,LIS,PT_LPPT_US_KORD
LIS-ORD,102935,120320,2025,us-bts,US DOT,LIS-ORD:CLASS=F:all months
LIS-OSL,125757,153132,2024,eurostat,LIS,PT_LPPT_NO_ENGM
LIS-OSL,125114,171231,2024,eurostat,OSL,NO_ENGM_PT_LPPT
LIS-PRG,164439,200818,2024,eurostat,LIS,PT_LPPT_CZ_LKPR
LIS-RAK,228227,290823,2024,eurostat,LIS,PT_LPPT_MA_GMMX
LIS-SFO,125633,149328,2024,eurostat,LIS,PT_LPPT_US_KSFO
LIS-SFO,105652,126457,2025,us-bts,US DOT,LIS-SFO:CLASS=F:all months
LIS-VIE,246108,272189,2024,eurostat,LIS,PT_LPPT_AT_LOWW
LIS-VIE,245989,267908,2024,eurostat,VIE,AT_LOWW_PT_LPPT
LIS-WAW,174489,201731,2024,eurostat,LIS,PT_LPPT_PL_EPWA
LIS-WAW,174917,197054,2024,eurostat,WAW,PL_EPWA_PT_LPPT
LIS-YUL,305720,342824,2024,eurostat,LIS,PT_LPPT_CA_CYUL
LIS-YYZ,426118,473156,2024,eurostat,LIS,PT_LPPT_CA_CYYZ
LIS-ZRH,651973,779402,2024,eurostat,LIS,PT_LPPT_CH_LSZH
LIS-ZRH,648506,749371,2024,eurostat,ZRH,CH_LSZH_PT_LPPT
MAD-MAN,227611,251849,2024,eurostat,MAD,ES_LEMD_UK_EGCC
MAD-MAN,280133,,2025,uk-caa,MANCHESTER,1837
MAD-MEX,1208106,1350521,2024,eurostat,MAD,ES_LEMD_MX_MMMX
MAD-MIA,787587,871585,2024,eurostat,MAD,ES_LEMD_US_KMIA
MAD-MIA,725113,815457,2025,us-bts,US DOT,MAD-MIA:CLASS=F:all months
MAD-MUC,892628,1020329,2024,eurostat,MAD,ES_LEMD_DE_EDDM
MAD-MUC,887281,991639,2024,eurostat,MUC,DE_EDDM_ES_LEMD
MAD-MXP,957358,1114160,2024,eurostat,MAD,ES_LEMD_IT_LIMC
MAD-MXP,955640,1108710,2024,eurostat,MXP,IT_LIMC_ES_LEMD
MAD-ORD,180499,209486,2024,eurostat,MAD,ES_LEMD_US_KORD
MAD-ORD,261727,307185,2025,us-bts,US DOT,MAD-ORD:CLASS=F:all months
MAD-OSL,154231,184786,2024,eurostat,MAD,ES_LEMD_NO_ENGM
MAD-OSL,153010,190683,2024,eurostat,OSL,NO_ENGM_ES_LEMD
MAD-PEK,228915,297616,2024,eurostat,MAD,ES_LEMD_CN_ZBAA
MAD-PRG,339185,403923,2024,eurostat,MAD,ES_LEMD_CZ_LKPR
MAD-PTY,291065,328594,2024,eurostat,MAD,ES_LEMD_PA_MPTO
MAD-PVG,165766,198682,2024,eurostat,MAD,ES_LEMD_CN_ZSPD
MAD-RAK,451973,532120,2024,eurostat,MAD,ES_LEMD_MA_GMMX
MAD-SCL,777761,842164,2024,eurostat,MAD,ES_LEMD_CL_SCEL
MAD-SFO,31294,36354,2025,us-bts,US DOT,MAD-SFO:CLASS=F:all months
MAD-UIO,228601,255100,2024,eurostat,MAD,ES_LEMD_EC_SEQM
MAD-VIE,470585,545672,2024,eurostat,MAD,ES_LEMD_AT_LOWW
MAD-VIE,469639,528774,2024,eurostat,VIE,AT_LOWW_ES_LEMD
MAD-WAW,269527,301533,2024,eurostat,MAD,ES_LEMD_PL_EPWA
MAD-WAW,269290,297541,2024,eurostat,WAW,PL_EPWA_ES_LEMD
MAD-YUL,90438,105693,2024,eurostat,MAD,ES_LEMD_CA_CYUL
MAD-YYZ,91640,98635,2024,eurostat,MAD,ES_LEMD_CA_CYYZ
MAD-ZAG,54908,67318,2024,eurostat,ZAG,HR_LDZA_ES_LEMD
MAD-ZRH,760806,893389,2024,eurostat,MAD,ES_LEMD_CH_LSZH
MAD-ZRH,754631,852814,2024,eurostat,ZRH,CH_LSZH_ES_LEMD
MAN-MIA,380,397,2025,us-bts,US DOT,MAN-MIA:CLASS=F:all months
MAN-MUC,332821,389402,2024,eurostat,MUC,DE_EDDM_UK_EGCC
MAN-MUC,323013,,2025,uk-caa,MANCHESTER,816
MAN-MXP,325834,372653,2024,eurostat,MXP,IT_LIMC_UK_EGCC
MAN-MXP,263082,,2025,uk-caa,MANCHESTER,1349
MAN-OSL,179190,251493,2024,eurostat,OSL,NO_ENGM_UK_EGCC
MAN-OSL,207451,,2025,uk-caa,MANCHESTER,2110
MAN-PEK,139891,,2025,uk-caa,MANCHESTER,2905
MAN-PRG,327727,,2025,uk-caa,MANCHESTER,2382
MAN-PVG,104329,,2025,uk-caa,MANCHESTER,2906
MAN-RAK,296777,,2025,uk-caa,MANCHESTER,2752
MAN-SEA,248,,2025,uk-caa,MANCHESTER,3043
MAN-SIN,102545,,2025,uk-caa,MANCHESTER,2920
MAN-VIE,153780,179699,2024,eurostat,VIE,AT_LOWW_UK_EGCC
MAN-VIE,150757,,2025,uk-caa,MANCHESTER,61
MAN-WAW,39563,,2025,uk-caa,MANCHESTER,2547
MAN-YYZ,97342,,2025,uk-caa,MANCHESTER,2959
MAN-ZAG,18217,,2025,uk-caa,MANCHESTER,168
MAN-ZRH,165373,210768,2024,eurostat,ZRH,CH_LSZH_UK_EGCC
MAN-ZRH,243288,,2025,uk-caa,MANCHESTER,2201
MCT-MXP,89613,131136,2024,eurostat,MXP,IT_LIMC_OM_OOMS
MEL-SFO,143939,183755,2025,us-bts,US DOT,MEL-SFO:CLASS=F:all months
MEL-TPE,118426,137956,2025,tw-caa,TPE,53-1:212
MEX-MIA,767912,935461,2025,us-bts,US DOT,MEX-MIA:CLASS=F:all months
MEX-ORD,740772,852210,2025,us-bts,US DOT,MEX-ORD:CLASS=F:all months
MEX-SEA,116112,136768,2025,us-bts,US DOT,MEX-SEA:CLASS=F:all months
MEX-SFO,467927,607356,2025,us-bts,US DOT,MEX-SFO:CLASS=F:all months
MFM-RMQ,210258,270352,2025,tw-caa,RMQ,53-4:30
MFM-TPE,919278,1110184,2025,tw-caa,TPE,53-1:256
MIA-MUC,79034,90376,2024,eurostat,MUC,DE_EDDM_US_KMIA
MIA-MUC,81888,96490,2025,us-bts,US DOT,MIA-MUC:CLASS=F:all months
MIA-OSL,12180,14552,2025,us-bts,US DOT,MIA-OSL:CLASS=F:all months
MIA-PTY,879524,1030553,2025,us-bts,US DOT,MIA-PTY:CLASS=F:all months
MIA-SCL,443607,539322,2025,us-bts,US DOT,MIA-SCL:CLASS=F:all months
MIA-UIO,296979,336482,2025,us-bts,US DOT,MIA-UIO:CLASS=F:all months
MIA-WAW,86346,97860,2024,eurostat,WAW,PL_EPWA_US_KMIA
MIA-WAW,91326,104928,2025,us-bts,US DOT,MIA-WAW:CLASS=F:all months
MIA-YUL,204025,245755,2025,us-bts,US DOT,MIA-YUL:CLASS=F:all months
MIA-YVR,57395,69121,2025,us-bts,US DOT,MIA-YVR:CLASS=F:all months
MIA-YYZ,440935,536809,2025,us-bts,US DOT,MIA-YYZ:CLASS=F:all months
MIA-ZRH,245437,281112,2024,eurostat,ZRH,CH_LSZH_US_KMIA
MIA-ZRH,261378,313404,2025,us-bts,US DOT,MIA-ZRH:CLASS=F:all months
MNL-SEA,81814,109010,2025,us-bts,US DOT,MNL-SEA:CLASS=F:all months
MNL-SFO,469975,546842,2025,us-bts,US DOT,MNL-SFO:CLASS=F:all months
MNL-TPE,1785334,2472516,2025,tw-caa,TPE,53-1:187
MUC-MXP,326355,425309,2024,eurostat,MUC,DE_EDDM_IT_LIMC
MUC-MXP,327324,444249,2024,eurostat,MXP,IT_LIMC_DE_EDDM
MUC-ORD,444192,517507,2024,eurostat,MUC,DE_EDDM_US_KORD
MUC-ORD,377733,438507,2025,us-bts,US DOT,MUC-ORD:CLASS=F:all months
MUC-OSL,413359,493634,2024,eurostat,MUC,DE_EDDM_NO_ENGM
MUC-OSL,414436,549070,2024,eurostat,OSL,NO_ENGM_DE_EDDM
MUC-PEK,300852,386570,2024,eurostat,MUC,DE_EDDM_CN_ZBAA
MUC-PRG,218906,256901,2024,eurostat,MUC,DE_EDDM_CZ_LKPR
MUC-PVG,223328,275501,2024,eurostat,MUC,DE_EDDM_CN_ZSPD
MUC-SAN,115743,137004,2024,eurostat,MUC,DE_EDDM_US_KSAN
MUC-SAN,135612,161806,2025,us-bts,US DOT,MUC-SAN:CLASS=F:all months
MUC-SEA,70994,94662,2025,us-bts,US DOT,MUC-SEA:CLASS=F:all months
MUC-SFO,329964,392034,2024,eurostat,MUC,DE_EDDM_US_KSFO
MUC-SFO,329230,408695,2025,us-bts,US DOT,MUC-SFO:CLASS=F:all months
MUC-SIN,338516,385337,2024,eurostat,MUC,DE_EDDM_SG_WSSS
MUC-TPE,109345,128136,2024,eurostat,MUC,DE_EDDM_TW_RCTP
MUC-TPE,106822,119614,2025,tw-caa,TPE,53-1:126
MUC-VIE,434358,553195,2024,eurostat,MUC,DE_EDDM_AT_LOWW
MUC-VIE,432787,554094,2024,eurostat,VIE,AT_LOWW_DE_EDDM
MUC-WAW,393496,499685,2024,eurostat,MUC,DE_EDDM_PL_EPWA
MUC-WAW,395144,498817,2024,eurostat,WAW,PL_EPWA_DE_EDDM
MUC-YUL,165301,185540,2024,eurostat,MUC,DE_EDDM_CA_CYUL
MUC-YVR,123720,134843,2024,eurostat,MUC,DE_EDDM_CA_CYVR
MUC-YYZ,306268,345508,2024,eurostat,MUC,DE_EDDM_CA_CYYZ
MUC-ZAG,215161,273192,2024,eurostat,MUC,DE_EDDM_HR_LDZA
MUC-ZAG,214960,286445,2024,eurostat,ZAG,HR_LDZA_DE_EDDM
MUC-ZRH,351016,468956,2024,eurostat,MUC,DE_EDDM_CH_LSZH
MUC-ZRH,350581,472546,2024,eurostat,ZRH,CH_LSZH_DE_EDDM
MXP-ORD,107064,122392,2024,eurostat,MXP,IT_LIMC_US_KORD
MXP-ORD,101190,118668,2025,us-bts,US DOT,MXP-ORD:CLASS=F:all months
MXP-OSL,179920,230256,2024,eurostat,MXP,IT_LIMC_NO_ENGM
MXP-OSL,179738,239583,2024,eurostat,OSL,NO_ENGM_IT_LIMC
MXP-PEK,177187,223704,2024,eurostat,MXP,IT_LIMC_CN_ZBAA
MXP-PRG,350775,426474,2024,eurostat,MXP,IT_LIMC_CZ_LKPR
MXP-PVG,158735,220584,2024,eurostat,MXP,IT_LIMC_CN_ZSPD
MXP-RAK,291139,341991,2024,eurostat,MXP,IT_LIMC_MA_GMMX
MXP-SIN,161094,184943,2024,eurostat,MXP,IT_LIMC_SG_WSSS
MXP-TPE,108059,127148,2024,eurostat,MXP,IT_LIMC_TW_RCTP
MXP-TPE,102643,120942,2025,tw-caa,TPE,53-1:340
MXP-VIE,399281,530553,2024,eurostat,MXP,IT_LIMC_AT_LOWW
MXP-VIE,399322,515712,2024,eurostat,VIE,AT_LOWW_IT_LIMC
MXP-WAW,131898,177228,2024,eurostat,MXP,IT_LIMC_PL_EPWA
MXP-WAW,132441,172484,2024,eurostat,WAW,PL_EPWA_IT_LIMC
MXP-YUL,129252,154856,2024,eurostat,MXP,IT_LIMC_CA_CYUL
MXP-ZRH,253999,558504,2024,eurostat,MXP,IT_LIMC_CH_LSZH
MXP-ZRH,211622,346998,2024,eurostat,ZRH,CH_LSZH_IT_LIMC
NAN-SFO,81948,108280,2025,us-bts,US DOT,NAN-SFO:CLASS=F:all months
NGO-RMQ,23016,28080,2025,tw-caa,RMQ,53-4:16
NGO-TPE,917362,1127373,2025,tw-caa,TPE,53-1:67
NKG-RMQ,11946,15368,2025,tw-caa,RMQ,53-4:46
NKG-TPE,100405,131114,2025,tw-caa,TPE,53-1:426
NRT-ORD,210044,257574,2025,us-bts,US DOT,NRT-ORD:CLASS=F:all months
NRT-SAN,108458,123049,2025,us-bts,US DOT,NRT-SAN:CLASS=F:all months
NRT-SEA,226293,270851,2025,us-bts,US DOT,NRT-SEA:CLASS=F:all months
NRT-SFO,607473,737754,2025,us-bts,US DOT,NRT-SFO:CLASS=F:all months
NRT-SPN,34904,51460,2025,us-bts,US DOT,NRT-SPN:CLASS=F:all months
NRT-TPE,3472299,4031852,2025,tw-caa,TPE,53-1:92
NRT-WAW,114874,138600,2024,eurostat,WAW,PL_EPWA_JP_RJAA
NRT-ZRH,145426,167044,2024,eurostat,ZRH,CH_LSZH_JP_RJAA
OKA-RMQ,127286,145888,2025,tw-caa,RMQ,53-4:28
OKA-TPE,1568890,1818178,2025,tw-caa,TPE,53-1:156
ORD-PTY,170681,199263,2025,us-bts,US DOT,ORD-PTY:CLASS=F:all months
ORD-PVG,213,233,2025,us-bts,US DOT,ORD-PVG:CLASS=F:all months
ORD-TPE,204027,241299,2025,us-bts,US DOT,ORD-TPE:CLASS=F:all months
ORD-VIE,149808,178133,2024,eurostat,VIE,AT_LOWW_US_KORD
ORD-VIE,110255,163386,2025,us-bts,US DOT,ORD-VIE:CLASS=F:all months
ORD-WAW,183811,206556,2024,eurostat,WAW,PL_EPWA_US_KORD
ORD-WAW,199088,232428,2025,us-bts,US DOT,ORD-WAW:CLASS=F:all months
ORD-YUL,319074,374746,2025,us-bts,US DOT,ORD-YUL:CLASS=F:all months
ORD-YVR,319932,382940,2025,us-bts,US DOT,ORD-YVR:CLASS=F:all months
ORD-YYC,266564,304447,2025,us-bts,US DOT,ORD-YYC:CLASS=F:all months
ORD-YYZ,879242,1073878,2025,us-bts,US DOT,ORD-YYZ:CLASS=F:all months
ORD-ZRH,308245,354671,2024,eurostat,ZRH,CH_LSZH_US_KORD
ORD-ZRH,297458,349575,2025,us-bts,US DOT,ORD-ZRH:CLASS=F:all months
OSL-PRG,130348,162723,2024,eurostat,OSL,NO_ENGM_CZ_LKPR
OSL-SFO,314,329,2025,us-bts,US DOT,OSL-SFO:CLASS=F:all months
OSL-VIE,122464,154088,2024,eurostat,OSL,NO_ENGM_AT_LOWW
OSL-VIE,122732,143583,2024,eurostat,VIE,AT_LOWW_NO_ENGM
OSL-WAW,212883,283815,2024,eurostat,OSL,NO_ENGM_PL_EPWA
OSL-WAW,215057,266835,2024,eurostat,WAW,PL_EPWA_NO_ENGM
OSL-ZRH,265557,359630,2024,eurostat,OSL,NO_ENGM_CH_LSZH
OSL-ZRH,264540,322011,2024,eurostat,ZRH,CH_LSZH_NO_ENGM
PEK-SEA,53208,63656,2025,us-bts,US DOT,PEK-SEA:CLASS=F:all months
PEK-SFO,231922,288343,2025,us-bts,US DOT,PEK-SFO:CLASS=F:all months
PEK-TPE,487331,691763,2025,tw-caa,TPE,53-1:463
PEK-VIE,124296,167864,2024,eurostat,VIE,AT_LOWW_CN_ZBAA
PEK-WAW,86727,108720,2024,eurostat,WAW,PL_EPWA_CN_ZBAA
PEN-TPE,132932,145578,2025,tw-caa,TPE,53-1:268
PPT-SEA,20745,52332,2025,us-bts,US DOT,PPT-SEA:CLASS=F:all months
PPT-SFO,174723,231344,2025,us-bts,US DOT,PPT-SFO:CLASS=F:all months
PQC-RMQ,71205,88612,2025,tw-caa,RMQ,53-4:36
PQC-TPE,193905,268462,2025,tw-caa,TPE,53-1:299
PRG-TPE,55740,64596,2025,tw-caa,TPE,53-1:112
PRG-VIE,166575,238516,2024,eurostat,VIE,AT_LOWW_CZ_LKPR
PRG-WAW,232719,318507,2024,eurostat,WAW,PL_EPWA_CZ_LKPR
PRG-ZRH,305949,394043,2024,eurostat,ZRH,CH_LSZH_CZ_LKPR
PTY-SAN,28352,35688,2025,us-bts,US DOT,PTY-SAN:CLASS=F:all months
PTY-SFO,168389,217722,2025,us-bts,US DOT,PTY-SFO:CLASS=F:all months
PUS-SPN,2300,3402,2025,us-bts,US DOT,PUS-SPN:CLASS=F:all months
PUS-TPE,1176498,1333474,2025,tw-caa,TPE,53-1:168
PVG-SEA,162132,201406,2025,us-bts,US DOT,PVG-SEA:CLASS=F:all months
PVG-SFO,295964,353762,2025,us-bts,US DOT,PVG-SFO:CLASS=F:all months
PVG-TPE,1547372,2065650,2025,tw-caa,TPE,53-1:416
PVG-VIE,97399,136640,2024,eurostat,VIE,AT_LOWW_CN_ZSPD
PVG-ZRH,109502,144457,2024,eurostat,ZRH,CH_LSZH_CN_ZSPD
RMQ-SGN,186833,246268,2025,tw-caa,RMQ,53-4:22
RMQ-TAK,67872,88736,2025,tw-caa,RMQ,53-4:43
SAN-YUL,35232,44910,2025,us-bts,US DOT,SAN-YUL:CLASS=F:all months
SAN-YVR,103921,124870,2025,us-bts,US DOT,SAN-YVR:CLASS=F:all months
SAN-YYC,77530,91650,2025,us-bts,US DOT,SAN-YYC:CLASS=F:all months
SAN-YYZ,107721,134305,2025,us-bts,US DOT,SAN-YYZ:CLASS=F:all months
SDJ-TPE,373321,430984,2025,tw-caa,TPE,53-1:35
SEA-SIN,97163,107145,2025,us-bts,US DOT,SEA-SIN:CLASS=F:all months
SEA-TPE,764214,946160,2025,tw-caa,TPE,53-1:80
SEA-TPE,734623,926573,2025,us-bts,US DOT,SEA-TPE:CLASS=F:all months
SEA-YUL,34261,43292,2025,us-bts,US DOT,SEA-YUL:CLASS=F:all months
SEA-YVR,587216,769333,2025,us-bts,US DOT,SEA-YVR:CLASS=F:all months
SEA-YYC,213204,258176,2025,us-bts,US DOT,SEA-YYC:CLASS=F:all months
SEA-YYZ,175074,229895,2025,us-bts,US DOT,SEA-YYZ:CLASS=F:all months
SEA-ZRH,14012,18212,2025,us-bts,US DOT,SEA-ZRH:CLASS=F:all months
SFO-SIN,486565,587964,2025,us-bts,US DOT,SFO-SIN:CLASS=F:all months
SFO-SYD,228206,309321,2025,us-bts,US DOT,SFO-SYD:CLASS=F:all months
SFO-TPE,1262231,1653365,2025,tw-caa,TPE,53-1:271
SFO-TPE,1223304,1632670,2025,us-bts,US DOT,SFO-TPE:CLASS=F:all months
SFO-WUH,65039,75449,2025,us-bts,US DOT,SFO-WUH:CLASS=F:all months
SFO-YUL,183373,224524,2025,us-bts,US DOT,SFO-YUL:CLASS=F:all months
SFO-YVR,784768,947096,2025,us-bts,US DOT,SFO-YVR:CLASS=F:all months
SFO-YYC,252063,298297,2025,us-bts,US DOT,SFO-YYC:CLASS=F:all months
SFO-YYZ,571335,682681,2025,us-bts,US DOT,SFO-YYZ:CLASS=F:all months
SFO-ZRH,280567,322105,2024,eurostat,ZRH,CH_LSZH_US_KSFO
SFO-ZRH,269632,326960,2025,us-bts,US DOT,SFO-ZRH:CLASS=F:all months
SGN-TPE,1465301,1947915,2025,tw-caa,TPE,53-1:142
SIN-TPE,1994149,2438922,2025,tw-caa,TPE,53-1:225
SIN-ZRH,381260,424265,2024,eurostat,ZRH,CH_LSZH_SG_WSSS
SYD-TPE,136095,157646,2025,tw-caa,TPE,53-1:214
SZX-TPE,496043,626914,2025,tw-caa,TPE,53-1:451
TAK-TPE,88566,119968,2025,tw-caa,TPE,53-1:397
TAO-TPE,61685,73536,2025,tw-caa,TPE,53-1:439
TFU-TPE,144581,179339,2025,tw-caa,TPE,53-1:442
TPE-VIE,190265,224253,2024,eurostat,VIE,AT_LOWW_TW_RCTP
TPE-VIE,195591,229318,2025,tw-caa,TPE,53-1:325
TPE-WUH,43995,52714,2025,tw-caa,TPE,53-1:436
TPE-XMN,253337,317618,2025,tw-caa,TPE,53-1:446
TPE-YVR,441606,517741,2025,tw-caa,TPE,53-1:241
TPE-YYZ,220852,240710,2025,tw-caa,TPE,53-1:360
VIE-WAW,424712,552259,2024,eurostat,VIE,AT_LOWW_PL_EPWA
VIE-WAW,425313,559794,2024,eurostat,WAW,PL_EPWA_AT_LOWW
VIE-YUL,100328,115154,2024,eurostat,VIE,AT_LOWW_CA_CYUL
VIE-YYZ,158887,175807,2024,eurostat,VIE,AT_LOWW_CA_CYYZ
VIE-ZAG,119536,174213,2024,eurostat,VIE,AT_LOWW_HR_LDZA
VIE-ZAG,119436,188355,2024,eurostat,ZAG,HR_LDZA_AT_LOWW
VIE-ZRH,750117,953355,2024,eurostat,VIE,AT_LOWW_CH_LSZH
VIE-ZRH,746853,953240,2024,eurostat,ZRH,CH_LSZH_AT_LOWW
WAW-YYZ,250223,281988,2024,eurostat,WAW,PL_EPWA_CA_CYYZ
WAW-ZAG,79794,100215,2024,eurostat,WAW,PL_EPWA_HR_LDZA
WAW-ZAG,79910,103300,2024,eurostat,ZAG,HR_LDZA_PL_EPWA
WAW-ZRH,366021,433315,2024,eurostat,WAW,PL_EPWA_CH_LSZH
WAW-ZRH,363267,424020,2024,eurostat,ZRH,CH_LSZH_PL_EPWA
YUL-ZRH,158039,172287,2024,eurostat,ZRH,CH_LSZH_CA_CYUL
YYZ-ZAG,34842,45976,2024,eurostat,ZAG,HR_LDZA_CA_CYYZ
YYZ-ZRH,255167,288886,2024,eurostat,ZRH,CH_LSZH_CA_CYYZ
ZAG-ZRH,83385,120332,2024,eurostat,ZAG,HR_LDZA_CH_LSZH
ZAG-ZRH,81943,107555,2024,eurostat,ZRH,CH_LSZH_HR_LDZA
